k6_support,k7_support,shared_shells,shared_shell_types,shared_distinct_shell_count,distinct_union_shells,distinct_union_shell_count,dropped_k6_shell,added_k7_shell,replacement_type,replacement_shape,mode_1,mode_1_shell,mode_1_type,mode_2,mode_2_shell,mode_2_type
73 179 250,73 179 254,73 179,C B,2,73 179 250 254,4,250,254,C->A,clean_distinct,-13 -3 -1,179,B,-1 6 -6,73,C
65 177 250,65 177 234,65 177,C B,2,65 177 234 250,4,250,234,C->A,clean_distinct,-13 -2 -2,177,B,-2 5 6,65,C
65 177 236,65 177 248,65 177,C B,2,65 177 236 248,4,236,248,B->A,clean_distinct,-13 -2 -2,177,B,-1 0 8,65,C
65 177 230,65 177 254,65 177,C B,2,65 177 230 254,4,230,254,B->A,clean_distinct,-13 -2 -2,177,B,0 -7 4,65,C
68 174 250,68 174 234,68 174,C B,2,68 174 234 250,4,250,234,C->A,clean_distinct,-13 -2 -1,174,B,0 -2 8,68,C
69 173 236,69 173 248,69 173,B C,2,69 173 236 248,4,236,248,B->A,clean_distinct,-13 -2 0,173,C,-1 8 -2,69,B
65 171 250,65 171 222,65 171,C B,2,65 171 222 250,4,250,222,C->A,clean_distinct,-13 -1 -1,171,B,0 -8 1,65,C
64 170 250,64 170 218,64 170,B C,2,64 170 218 250,4,250,218,C->A,clean_distinct,-13 -1 0,170,C,0 -8 0,64,B
67 173 226,67 173 254,67 173,B C,2,67 173 226 254,4,226,254,C->A,clean_distinct,-12 -5 -2,173,C,-3 3 7,67,B
69 173 230,69 173 254,69 173,B C,2,69 173 230 254,4,230,254,B->A,clean_distinct,-12 -5 -2,173,C,-1 -2 8,69,B
66 170 238,66 170 234,66 170,B C,2,66 170 234 238,4,238,234,B->A,clean_distinct,-12 -5 -1,170,C,-1 1 8,66,B
83 169 250,83 169 254,83 169,B C,2,83 169 250 254,4,250,254,C->A,clean_distinct,-12 -5 0,169,C,-3 7 -5,83,B
67 169 238,67 169 234,67 169,B C,2,67 169 234 238,4,238,234,B->A,clean_distinct,-12 -5 0,169,C,-3 7 -3,67,B
77 169 238,77 169 254,77 169,B C,2,77 169 238 254,4,238,254,B->A,clean_distinct,-12 -5 0,169,C,-3 8 -2,77,B
77 169 244,77 169 248,77 169,B C,2,77 169 244 248,4,244,248,C->A,clean_distinct,-12 -4 -3,169,C,-2 8 -3,77,B
69 169 228,69 169 248,69 169,B C,2,69 169 228 248,4,228,248,B->A,clean_distinct,-12 -4 -3,169,C,-2 8 -1,69,B
65 161 246,65 161 206,65 161,C B,2,65 161 206 246,4,246,206,B->A,clean_distinct,-12 -4 -1,161,B,-2 5 -6,65,C
65 161 230,65 161 222,65 161,C B,2,65 161 222 230,4,230,222,B->A,clean_distinct,-12 -4 -1,161,B,-2 5 6,65,C
65 161 236,65 161 216,65 161,C B,2,65 161 216 236,4,236,216,B->A,clean_distinct,-12 -4 -1,161,B,-2 6 -5,65,C
89 161 246,89 161 254,89 161,C B,2,89 161 246 254,4,246,254,B->A,clean_distinct,-12 -4 -1,161,B,-2 7 -6,89,C
73 161 246,73 161 222,73 161,C B,2,73 161 222 246,4,246,222,B->A,clean_distinct,-12 -4 -1,161,B,-1 6 -6,73,C
85 161 244,85 161 248,85 161,C B,2,85 161 244 248,4,244,248,C->A,clean_distinct,-12 -4 -1,161,B,0 -2 9,85,C
83 157 226,83 157 254,83 157,B C,2,83 157 226 254,4,226,254,C->A,clean_distinct,-12 -3 -2,157,C,-3 5 7,83,B
77 157 250,77 157 218,77 157,B C,2,77 157 218 250,4,250,218,C->A,clean_distinct,-12 -3 -2,157,C,-3 8 2,77,B
69 157 204,69 157 248,69 157,B C,2,69 157 204 248,4,204,248,B->A,clean_distinct,-12 -3 -2,157,C,-2 -1 8,69,B
69 157 236,69 157 216,69 157,B C,2,69 157 216 236,4,236,216,B->A,clean_distinct,-12 -3 -2,157,C,-2 1 8,69,B
69 157 230,69 157 222,69 157,B C,2,69 157 222 230,4,230,222,B->A,clean_distinct,-12 -3 -2,157,C,-2 4 7,69,B
77 157 246,77 157 222,77 157,B C,2,77 157 222 246,4,246,222,B->A,clean_distinct,-12 -3 -2,157,C,-2 8 -3,77,B
83 157 246,83 157 234,83 157,B C,2,83 157 234 246,4,246,234,B->A,clean_distinct,-12 -3 -2,157,C,-1 -1 9,83,B
69 157 246,69 157 206,69 157,B C,2,69 157 206 246,4,246,206,B->A,clean_distinct,-12 -3 -2,157,C,-1 2 8,69,B
75 157 210,75 157 254,75 157,B C,2,75 157 210 254,4,210,254,B->A,clean_distinct,-12 -3 -2,157,C,-1 5 -7,75,B
75 157 230,75 157 234,75 157,B C,2,75 157 230 234,4,230,234,B->A,clean_distinct,-12 -3 -2,157,C,-1 7 -5,75,B
68 154 190,68 154 254,68 154,C B,2,68 154 190 254,4,190,254,B->A,clean_distinct,-12 -3 -1,154,B,-2 0 8,68,C
68 154 250,68 154 194,68 154,C B,2,68 154 194 250,4,250,194,C->A,clean_distinct,-12 -3 -1,154,B,0 -2 -8,68,C
68 154 226,68 154 218,68 154,C B,2,68 154 218 226,4,226,218,C->A,clean_distinct,-12 -3 -1,154,B,0 -2 8,68,C
69 153 228,69 153 216,69 153,B C,2,69 153 216 228,4,228,216,B->A,clean_distinct,-12 -3 0,153,C,-2 7 -4,69,B
69 153 210,69 153 234,69 153,B C,2,69 153 210 234,4,210,234,B->A,clean_distinct,-12 -3 0,153,C,-1 2 -8,69,B
67 149 178,67 149 254,67 149,B C,2,67 149 178 254,4,178,254,C->A,clean_distinct,-12 -2 -1,149,C,-3 7 3,67,B
77 149 246,77 149 206,77 149,B C,2,77 149 206 246,4,246,206,B->A,clean_distinct,-12 -2 -1,149,C,-2 3 8,77,B
93 149 230,93 149 254,93 149,B C,2,93 149 230 254,4,230,254,B->A,clean_distinct,-12 -2 -1,149,C,-2 5 8,93,B
69 149 230,69 149 206,69 149,B C,2,69 149 206 230,4,230,206,B->A,clean_distinct,-12 -2 -1,149,C,-2 7 4,69,B
77 149 204,77 149 248,77 149,B C,2,77 149 204 248,4,204,248,B->A,clean_distinct,-12 -2 -1,149,C,-2 8 -3,77,B
77 149 236,77 149 216,77 149,B C,2,77 149 216 236,4,236,216,B->A,clean_distinct,-12 -2 -1,149,C,-2 8 3,77,B
93 149 236,93 149 248,93 149,B C,2,93 149 236 248,4,236,248,B->A,clean_distinct,-12 -2 -1,149,C,-2 8 5,93,B
69 149 202,69 149 234,69 149,B C,2,69 149 202 234,4,202,234,C->A,clean_distinct,-12 -2 -1,149,C,-1 -2 8,69,B
83 149 230,83 149 234,83 149,B C,2,83 149 230 234,4,230,234,B->A,clean_distinct,-12 -2 -1,149,C,-1 1 9,83,B
69 149 250,69 149 186,69 149,B C,2,69 149 186 250,4,250,186,C->A,clean_distinct,-12 -2 -1,149,C,-1 2 -8,69,B
91 149 246,91 149 234,91 149,B C,2,91 149 234 246,4,246,234,B->A,clean_distinct,-12 -2 -1,149,C,-1 3 9,91,B
81 149 238,81 149 222,81 149,B C,2,81 149 222 238,4,238,222,B->A,clean_distinct,-12 -2 -1,149,C,-1 4 8,81,B
75 149 214,75 149 234,75 149,B C,2,75 149 214 234,4,214,234,B->A,clean_distinct,-12 -2 -1,149,C,-1 5 7,75,B
75 149 230,75 149 218,75 149,B C,2,75 149 218 230,4,230,218,B->A,clean_distinct,-12 -2 -1,149,C,-1 7 -5,75,B
69 149 214,69 149 222,69 149,B C,2,69 149 214 222,4,214,222,B->A,clean_distinct,-12 -2 -1,149,C,-1 8 -2,69,B
83 149 246,83 149 218,83 149,B C,2,83 149 218 246,4,246,218,B->A,clean_distinct,-12 -2 -1,149,C,-1 9 1,83,B
81 149 212,81 149 248,81 149,B C,2,81 149 212 248,4,212,248,C->A,clean_distinct,-12 -2 -1,149,C,0 0 -9,81,B
94 148 230,94 148 254,94 148,B C,2,94 148 230 254,4,230,254,B->A,clean_distinct,-12 -2 0,148,C,-2 9 -3,94,B
66 148 174,66 148 254,66 148,B C,2,66 148 174 254,4,174,254,B->A,clean_distinct,-12 -2 0,148,C,-1 -4 -7,66,B
66 148 210,66 148 218,66 148,B C,2,66 148 210 218,4,210,218,B->A,clean_distinct,-12 -2 0,148,C,-1 7 -4,66,B
69 145 174,69 145 254,69 145,B C,2,69 145 174 254,4,174,254,B->A,clean_distinct,-12 -1 0,145,C,-2 4 -7,69,B
69 145 180,69 145 248,69 145,B C,2,69 145 180 248,4,180,248,C->A,clean_distinct,-12 -1 0,145,C,-2 7 -4,69,B
77 145 190,77 145 254,77 145,B C,2,77 145 190 254,4,190,254,B->A,clean_distinct,-12 -1 0,145,C,-2 8 -3,77,B
69 145 246,69 145 182,69 145,B C,2,69 145 182 246,4,246,182,B->A,clean_distinct,-12 -1 0,145,C,-2 8 -1,69,B
83 145 202,83 145 254,83 145,B C,2,83 145 202 254,4,202,254,C->A,clean_distinct,-12 -1 0,145,C,-1 -1 -9,83,B
83 145 250,83 145 206,83 145,B C,2,83 145 206 250,4,250,206,C->A,clean_distinct,-12 -1 0,145,C,-1 1 -9,83,B
105 145 246,105 145 254,105 145,B C,2,105 145 246 254,4,246,254,B->A,clean_distinct,-12 -1 0,145,C,-1 10 -2,105,B
68 174 230,68 174 254,68 174,C B,2,68 174 230 254,4,230,254,B->A,clean_distinct,-11 -7 -2,174,B,-4 6 4,68,C
65 171 238,65 171 234,65 171,C B,2,65 171 234 238,4,238,234,B->A,clean_distinct,-11 -7 -1,171,B,0 -1 8,65,C
69 173 250,69 173 234,69 173,B C,2,69 173 234 250,4,250,234,C->A,clean_distinct,-11 -6 -4,173,C,-4 2 7,69,B
67 173 246,67 173 234,67 173,B C,2,67 173 234 246,4,246,234,B->A,clean_distinct,-11 -6 -4,173,C,-3 7 -3,67,B
80 166 238,80 166 254,80 166,C B,2,80 166 238 254,4,238,254,B->A,clean_distinct,-11 -6 -3,166,B,-4 8 0,80,C
85 161 238,85 161 254,85 161,C B,2,85 161 238 254,4,238,254,B->A,clean_distinct,-11 -6 -2,161,B,-2 0 9,85,C
69 157 228,69 157 224,69 157,B C,2,69 157 224 228,4,228,224,B->A,clean_distinct,-11 -6 0,157,C,-1 2 -8,69,B
97 155 250,97 155 254,97 155,C B,2,97 155 250 254,4,250,254,C->A,clean_distinct,-11 -5 -3,155,B,-4 9 0,97,C
65 155 246,65 155 194,65 155,C B,2,65 155 194 246,4,246,194,B->A,clean_distinct,-11 -5 -3,155,B,-1 0 8,65,C
65 147 230,65 147 194,65 147,C B,2,65 147 194 230,4,230,194,B->A,clean_distinct,-11 -5 -1,147,B,-4 7 0,65,C
89 147 250,89 147 222,89 147,C B,2,89 147 222 250,4,250,222,C->A,clean_distinct,-11 -5 -1,147,B,-4 8 -3,89,C
89 147 238,89 147 234,89 147,C B,2,89 147 234 238,4,238,234,B->A,clean_distinct,-11 -5 -1,147,B,-4 8 3,89,C
65 147 238,65 147 186,65 147,C B,2,65 147 186 238,4,238,186,B->A,clean_distinct,-11 -5 -1,147,B,-2 6 5,65,C
73 147 246,73 147 194,73 147,C B,2,73 147 194 246,4,246,194,B->A,clean_distinct,-11 -5 -1,147,B,-1 6 -6,73,C
85 147 230,85 147 234,85 147,C B,2,85 147 230 234,4,230,234,B->A,clean_distinct,-11 -5 -1,147,B,0 -2 9,85,C
81 153 250,81 153 218,81 153,B C,2,81 153 218 250,4,250,218,C->A,clean_distinct,-11 -4 -4,153,C,-4 1 8,81,B
69 153 238,69 153 206,69 153,B C,2,69 153 206 238,4,238,206,B->A,clean_distinct,-11 -4 -4,153,C,-4 2 7,69,B
77 153 212,77 153 248,77 153,B C,2,77 153 212 248,4,212,248,C->A,clean_distinct,-11 -4 -4,153,C,-3 -2 8,77,B
77 153 244,77 153 216,77 153,B C,2,77 153 216 244,4,244,216,C->A,clean_distinct,-11 -4 -4,153,C,-3 2 8,77,B
77 153 226,77 153 234,77 153,B C,2,77 153 226 234,4,226,234,C->A,clean_distinct,-11 -4 -4,153,C,-2 -3 8,77,B
69 153 250,69 153 194,69 153,B C,2,69 153 194 250,4,250,194,C->A,clean_distinct,-11 -4 -4,153,C,-2 1 8,69,B
81 153 244,81 153 224,81 153,B C,2,81 153 224 244,4,244,224,C->A,clean_distinct,-11 -4 -4,153,C,-1 -4 8,81,B
69 153 196,69 153 248,69 153,B C,2,69 153 196 248,4,196,248,B->A,clean_distinct,-11 -4 -4,153,C,-1 -2 8,69,B
101 141 230,101 141 254,101 141,C B,2,101 141 230 254,4,230,254,B->A,clean_distinct,-11 -4 -2,141,B,-4 6 7,101,C
101 141 250,101 141 234,101 141,C B,2,101 141 234 250,4,250,234,C->A,clean_distinct,-11 -4 -2,141,B,-4 7 6,101,C
73 141 180,73 141 248,73 141,C B,2,73 141 180 248,4,180,248,C->A,clean_distinct,-11 -4 -2,141,B,-3 0 8,73,C
89 141 212,89 141 248,89 141,C B,2,89 141 212 248,4,212,248,C->A,clean_distinct,-11 -4 -2,141,B,-3 8 -4,89,C
73 141 212,73 141 216,73 141,C B,2,73 141 212 216,4,212,216,C->A,clean_distinct,-11 -4 -2,141,B,-3 8 0,73,C
89 141 244,89 141 216,89 141,C B,2,89 141 216 244,4,244,216,C->A,clean_distinct,-11 -4 -2,141,B,-3 8 4,89,C
89 141 238,89 141 222,89 141,C B,2,89 141 222 238,4,238,222,B->A,clean_distinct,-11 -4 -2,141,B,-2 2 9,89,C
65 141 178,65 141 234,65 141,C B,2,65 141 178 234,4,178,234,C->A,clean_distinct,-11 -4 -2,141,B,-2 5 -6,65,C
65 141 226,65 141 186,65 141,C B,2,65 141 186 226,4,226,186,C->A,clean_distinct,-11 -4 -2,141,B,-2 5 6,65,C
65 141 190,65 141 222,65 141,C B,2,65 141 190 222,4,190,222,B->A,clean_distinct,-11 -4 -2,141,B,-2 6 -5,65,C
65 141 230,65 141 182,65 141,C B,2,65 141 182 230,4,230,182,B->A,clean_distinct,-11 -4 -2,141,B,-2 6 5,65,C
85 141 198,85 141 254,85 141,C B,2,85 141 198 254,4,198,254,B->A,clean_distinct,-11 -4 -2,141,B,-2 9 0,85,C
65 141 196,65 141 216,65 141,C B,2,65 141 196 216,4,196,216,B->A,clean_distinct,-11 -4 -2,141,B,-1 0 8,65,C
101 141 236,101 141 248,101 141,C B,2,101 141 236 248,4,236,248,B->A,clean_distinct,-11 -4 -2,141,B,-1 6 -8,101,C
65 141 164,65 141 248,65 141,C B,2,65 141 164 248,4,164,248,C->A,clean_distinct,-11 -4 -2,141,B,-1 8 0,65,C
85 141 246,85 141 206,85 141,C B,2,85 141 206 246,4,246,206,B->A,clean_distinct,-11 -4 -2,141,B,0 -6 7,85,C
90 138 250,90 138 206,90 138,C B,2,90 138 206 250,4,250,206,C->A,clean_distinct,-11 -4 -1,138,B,-4 7 5,90,C
82 138 246,82 138 194,82 138,C B,2,82 138 194 246,4,246,194,B->A,clean_distinct,-11 -4 -1,138,B,-3 3 8,82,C
68 138 178,68 138 234,68 138,C B,2,68 138 178 234,4,178,234,C->A,clean_distinct,-11 -4 -1,138,B,-2 0 8,68,C
68 138 226,68 138 186,68 138,C B,2,68 138 186 226,4,226,186,C->A,clean_distinct,-11 -4 -1,138,B,-2 8 0,68,C
80 138 202,80 138 234,80 138,C B,2,80 138 202 234,4,202,234,C->A,clean_distinct,-11 -4 -1,138,B,0 -4 8,80,C
77 137 174,77 137 254,77 137,B C,2,77 137 174 254,4,174,254,B->A,clean_distinct,-11 -4 0,137,C,-4 6 -5,77,B
81 137 250,81 137 186,81 137,B C,2,81 137 186 250,4,250,186,C->A,clean_distinct,-11 -4 0,137,C,-4 7 -4,81,B
83 137 246,83 137 194,83 137,B C,2,83 137 194 246,4,246,194,B->A,clean_distinct,-11 -4 0,137,C,-3 5 -7,83,B
67 137 214,67 137 194,67 137,B C,2,67 137 194 214,4,214,194,B->A,clean_distinct,-11 -4 0,137,C,-3 7 -3,67,B
77 137 212,77 137 216,77 137,B C,2,77 137 212 216,4,212,216,C->A,clean_distinct,-11 -4 0,137,C,-3 8 -2,77,B
93 137 226,93 137 234,93 137,B C,2,93 137 226 234,4,226,234,C->A,clean_distinct,-11 -4 0,137,C,-2 5 -8,93,B
69 137 226,69 137 186,69 137,B C,2,69 137 186 226,4,226,186,C->A,clean_distinct,-11 -4 0,137,C,-2 8 -1,69,B
69 137 244,69 137 168,69 137,B C,2,69 137 168 244,4,244,168,C->A,clean_distinct,-11 -4 0,137,C,-1 -2 -8,69,B
105 137 236,105 137 248,105 137,B C,2,105 137 236 248,4,236,248,B->A,clean_distinct,-11 -4 0,137,C,-1 2 -10,105,B
75 137 230,75 137 194,75 137,B C,2,75 137 194 230,4,230,194,B->A,clean_distinct,-11 -4 0,137,C,-1 5 -7,75,B
69 137 164,69 137 248,69 137,B C,2,69 137 164 248,4,164,248,C->A,clean_distinct,-11 -4 0,137,C,-1 8 -2,69,B
65 139 250,65 139 158,65 139,C B,2,65 139 158 250,4,250,158,C->A,clean_distinct,-11 -3 -3,139,B,-4 0 7,65,C
89 139 250,89 139 206,89 139,C B,2,89 139 206 250,4,250,206,C->A,clean_distinct,-11 -3 -3,139,B,-4 3 8,89,C
73 139 230,73 139 194,73 139,C B,2,73 139 194 230,4,230,194,B->A,clean_distinct,-11 -3 -3,139,B,-3 0 8,73,C
65 139 154,65 139 254,65 139,C B,2,65 139 154 254,4,154,254,B->A,clean_distinct,-11 -3 -3,139,B,-2 -6 5,65,C
101 139 226,101 139 254,101 139,C B,2,101 139 226 254,4,226,254,C->A,clean_distinct,-11 -3 -3,139,B,-2 -4 9,101,C
113 139 250,113 139 254,113 139,C B,2,113 139 250 254,4,250,254,C->A,clean_distinct,-11 -3 -3,139,B,-2 -3 10,113,C
85 139 214,85 139 234,85 139,C B,2,85 139 214 234,4,214,234,B->A,clean_distinct,-11 -3 -3,139,B,-2 0 9,85,C
65 139 226,65 139 182,65 139,C B,2,65 139 182 226,4,226,182,C->A,clean_distinct,-11 -3 -3,139,B,-2 5 6,65,C
73 139 190,73 139 234,73 139,C B,2,73 139 190 234,4,190,234,B->A,clean_distinct,-11 -3 -3,139,B,-1 -6 6,73,C
85 139 230,85 139 218,85 139,C B,2,85 139 218 230,4,230,218,B->A,clean_distinct,-11 -3 -3,139,B,0 -7 6,85,C
73 131 154,73 131 254,73 131,C B,2,73 131 154 254,4,154,254,B->A,clean_distinct,-11 -3 -1,131,B,-3 0 8,73,C
89 131 246,89 131 194,89 131,C B,2,89 131 194 246,4,246,194,B->A,clean_distinct,-11 -3 -1,131,B,-3 4 8,89,C
109 131 226,109 131 254,109 131,C B,2,109 131 226 254,4,226,254,C->A,clean_distinct,-11 -3 -1,131,B,-3 6 8,109,C
109 131 246,109 131 234,109 131,C B,2,109 131 234 246,4,246,234,B->A,clean_distinct,-11 -3 -1,131,B,-3 8 6,109,C
101 131 230,101 131 234,101 131,C B,2,101 131 230 234,4,230,234,B->A,clean_distinct,-11 -3 -1,131,B,-2 4 9,101,C
65 131 170,65 131 222,65 131,C B,2,65 131 170 222,4,170,222,C->A,clean_distinct,-11 -3 -1,131,B,-2 5 -6,65,C
65 131 198,65 131 194,65 131,C B,2,65 131 194 198,4,198,194,B->A,clean_distinct,-11 -3 -1,131,B,-2 5 6,65,C
85 131 226,85 131 206,85 131,C B,2,85 131 206 226,4,226,206,C->A,clean_distinct,-11 -3 -1,131,B,-2 9 0,85,C
73 131 250,73 131 158,73 131,C B,2,73 131 158 250,4,250,158,C->A,clean_distinct,-11 -3 -1,131,B,-1 -6 6,73,C
73 131 202,73 131 206,73 131,C B,2,73 131 202 206,4,202,206,C->A,clean_distinct,-11 -3 -1,131,B,-1 6 -6,73,C
101 131 246,101 131 218,101 131,C B,2,101 131 218 246,4,246,218,B->A,clean_distinct,-11 -3 -1,131,B,-1 8 -6,101,C
65 131 246,65 131 146,65 131,C B,2,65 131 146 246,4,246,146,B->A,clean_distinct,-11 -3 -1,131,B,0 -8 -1,65,C
85 131 246,85 131 186,85 131,C B,2,85 131 186 246,4,246,186,B->A,clean_distinct,-11 -3 -1,131,B,0 -7 6,85,C
85 131 238,85 131 194,85 131,C B,2,85 131 194 238,4,238,194,B->A,clean_distinct,-11 -3 -1,131,B,0 -6 7,85,C
85 131 210,85 131 222,85 131,C B,2,85 131 210 222,4,210,222,B->A,clean_distinct,-11 -3 -1,131,B,0 -2 9,85,C
65 131 174,65 131 218,65 131,C B,2,65 131 174 218,4,174,218,B->A,clean_distinct,-11 -3 -1,131,B,0 -1 -8,65,C
66 130 138,66 130 254,66 130,B C,2,66 130 138 254,4,138,254,B->A,clean_distinct,-11 -3 0,130,C,-4 5 -5,66,B
84 130 174,84 130 254,84 130,B C,2,84 130 174 254,4,174,254,B->A,clean_distinct,-11 -3 0,130,C,-4 8 -2,84,B
110 130 246,110 130 234,110 130,B C,2,110 130 234 246,4,246,234,B->A,clean_distinct,-11 -3 0,130,C,-3 10 -1,110,B
110 130 226,110 130 254,110 130,B C,2,110 130 226 254,4,226,254,C->A,clean_distinct,-11 -3 0,130,C,-2 5 -9,110,B
102 130 230,102 130 234,102 130,B C,2,102 130 230 234,4,230,234,B->A,clean_distinct,-11 -3 0,130,C,-2 7 -7,102,B
84 130 210,84 130 218,84 130,B C,2,84 130 210 218,4,210,218,B->A,clean_distinct,-11 -3 0,130,C,-2 8 -4,84,B
94 130 214,94 130 234,94 130,B C,2,94 130 214 234,4,214,234,B->A,clean_distinct,-11 -3 0,130,C,-2 9 -3,94,B
66 130 198,66 130 194,66 130,B C,2,66 130 194 198,4,198,194,B->A,clean_distinct,-11 -3 0,130,C,-1 4 -7,66,B
66 130 176,66 130 216,66 130,B C,2,66 130 176 216,4,176,216,B->A,clean_distinct,-11 -3 0,130,C,-1 7 -4,66,B
66 130 170,66 130 222,66 130,B C,2,66 130 170 222,4,170,222,C->A,clean_distinct,-11 -3 0,130,C,-1 8 -1,66,B
73 129 236,73 129 168,73 129,C B,2,73 129 168 236,4,236,168,B->A,clean_distinct,-11 -2 -2,129,B,-3 0 8,73,C
109 129 228,109 129 248,109 129,C B,2,109 129 228 248,4,228,248,B->A,clean_distinct,-11 -2 -2,129,B,-3 6 8,109,C
65 129 154,65 129 234,65 129,C B,2,65 129 154 234,4,154,234,B->A,clean_distinct,-11 -2 -2,129,B,-2 -5 6,65,C
89 129 202,89 129 234,89 129,C B,2,89 129 202 234,4,202,234,C->A,clean_distinct,-11 -2 -2,129,B,-2 -2 9,89,C
113 129 250,113 129 234,113 129,C B,2,113 129 234 250,4,250,234,C->A,clean_distinct,-11 -2 -2,129,B,-2 3 10,113,C
101 129 238,101 129 222,101 129,C B,2,101 129 222 238,4,238,222,B->A,clean_distinct,-11 -2 -2,129,B,-2 4 9,101,C
65 129 140,65 129 248,65 129,C B,2,65 129 140 248,4,140,248,B->A,clean_distinct,-11 -2 -2,129,B,-1 -8 0,65,C
73 129 180,73 129 224,73 129,C B,2,73 129 180 224,4,180,224,C->A,clean_distinct,-11 -2 -2,129,B,-1 -6 6,73,C
101 129 244,101 129 216,101 129,C B,2,101 129 216 244,4,244,216,C->A,clean_distinct,-11 -2 -2,129,B,-1 -6 8,101,C
117 129 244,117 129 248,117 129,C B,2,117 129 244 248,4,244,248,C->A,clean_distinct,-11 -2 -2,129,B,-1 -4 10,117,C
101 129 212,101 129 248,101 129,C B,2,101 129 212 248,4,212,248,C->A,clean_distinct,-11 -2 -2,129,B,-1 0 10,101,C
97 129 246,97 129 206,97 129,C B,2,97 129 206 246,4,246,206,B->A,clean_distinct,-11 -2 -2,129,B,0 -9 4,97,C
73 129 246,73 129 158,73 129,C B,2,73 129 158 246,4,246,158,B->A,clean_distinct,-11 -2 -2,129,B,0 -8 -3,73,C
65 129 230,65 129 158,65 129,C B,2,65 129 158 230,4,230,158,B->A,clean_distinct,-11 -2 -2,129,B,0 -8 -1,65,C
65 129 166,65 129 222,65 129,C B,2,65 129 166 222,4,166,222,B->A,clean_distinct,-11 -2 -2,129,B,0 -8 1,65,C
89 129 230,89 129 206,89 129,C B,2,89 129 206 230,4,230,206,B->A,clean_distinct,-11 -2 -2,129,B,0 -8 5,89,C
65 129 238,65 129 150,65 129,C B,2,65 129 150 238,4,238,150,B->A,clean_distinct,-11 -2 -2,129,B,0 -7 -4,65,C
85 129 210,85 129 218,85 129,C B,2,85 129 210 218,4,210,218,B->A,clean_distinct,-11 -2 -2,129,B,0 -7 6,85,C
81 125 164,81 125 248,81 125,B C,2,81 125 164 248,4,164,248,C->A,clean_distinct,-11 -2 0,125,C,-3 6 -6,81,B
77 125 236,77 125 168,77 125,B C,2,77 125 168 236,4,236,168,B->A,clean_distinct,-11 -2 0,125,C,-3 8 -2,77,B
91 125 246,91 125 186,91 125,B C,2,91 125 186 246,4,246,186,B->A,clean_distinct,-11 -2 0,125,C,-3 9 -1,91,B
69 125 154,69 125 234,69 125,B C,2,69 125 154 234,4,154,234,B->A,clean_distinct,-11 -2 0,125,C,-2 1 -8,69,B
77 125 170,77 125 234,77 125,B C,2,77 125 170 234,4,170,234,C->A,clean_distinct,-11 -2 0,125,C,-2 3 -8,77,B
69 125 166,69 125 222,69 125,B C,2,69 125 166 222,4,166,222,B->A,clean_distinct,-11 -2 0,125,C,-2 4 -7,69,B
93 125 230,93 125 206,93 125,B C,2,93 125 206 230,4,230,206,B->A,clean_distinct,-11 -2 0,125,C,-2 8 -5,93,B
121 125 238,121 125 254,121 125,B C,2,121 125 238 254,4,238,254,B->A,clean_distinct,-11 -2 0,125,C,-2 9 -6,121,B
105 125 226,105 125 234,105 125,B C,2,105 125 226 234,4,226,234,C->A,clean_distinct,-11 -2 0,125,C,-2 10 -1,105,B
69 125 140,69 125 248,69 125,B C,2,69 125 140 248,4,140,248,B->A,clean_distinct,-11 -2 0,125,C,-1 -8 -2,69,B
75 125 250,75 125 150,75 125,B C,2,75 125 150 250,4,250,150,C->A,clean_distinct,-11 -2 0,125,C,-1 -7 -5,75,B
81 125 244,81 125 168,81 125,B C,2,81 125 168 244,4,244,168,C->A,clean_distinct,-11 -2 0,125,C,-1 -4 -8,81,B
91 125 250,91 125 182,91 125,B C,2,91 125 182 250,4,250,182,C->A,clean_distinct,-11 -2 0,125,C,-1 -3 -9,91,B
69 125 164,69 125 224,69 125,B C,2,69 125 164 224,4,164,224,C->A,clean_distinct,-11 -2 0,125,C,-1 -2 -8,69,B
105 125 244,105 125 216,105 125,B C,2,105 125 216 244,4,244,216,C->A,clean_distinct,-11 -2 0,125,C,-1 2 -10,105,B
91 125 226,91 125 206,91 125,B C,2,91 125 206 226,4,226,206,C->A,clean_distinct,-11 -2 0,125,C,-1 3 -9,91,B
107 125 230,107 125 234,107 125,B C,2,107 125 230 234,4,230,234,B->A,clean_distinct,-11 -2 0,125,C,-1 5 -9,107,B
99 125 230,99 125 218,99 125,B C,2,99 125 218 230,4,230,218,B->A,clean_distinct,-11 -2 0,125,C,-1 7 -7,99,B
81 125 196,81 125 216,81 125,B C,2,81 125 196 216,4,196,216,B->A,clean_distinct,-11 -2 0,125,C,-1 8 -4,81,B
107 125 246,107 125 218,107 125,B C,2,107 125 218 246,4,246,218,B->A,clean_distinct,-11 -2 0,125,C,-1 9 -5,107,B
105 125 212,105 125 248,105 125,B C,2,105 125 212 248,4,212,248,C->A,clean_distinct,-11 -2 0,125,C,-1 10 -2,105,B
73 123 246,73 123 146,73 123,C B,2,73 123 146 246,4,246,146,B->A,clean_distinct,-11 -1 -1,123,B,-3 0 8,73,C
89 123 170,89 123 254,89 123,C B,2,89 123 170 254,4,170,254,C->A,clean_distinct,-11 -1 -1,123,B,-3 4 8,89,C
65 123 142,65 123 234,65 123,C B,2,65 123 142 234,4,142,234,B->A,clean_distinct,-11 -1 -1,123,B,-2 -6 5,65,C
65 123 230,65 123 146,65 123,C B,2,65 123 146 230,4,230,146,B->A,clean_distinct,-11 -1 -1,123,B,-2 -5 6,65,C
89 123 190,89 123 234,89 123,C B,2,89 123 190 234,4,190,234,B->A,clean_distinct,-11 -1 -1,123,B,-2 2 9,89,C
89 123 230,89 123 194,89 123,C B,2,89 123 194 230,4,230,194,B->A,clean_distinct,-11 -1 -1,123,B,-2 6 7,89,C
