replacement_type,shared_shells,pair_count
B->A,69 173,630
B->A,69 197,594
B->A,110 250,572
B->A,117 189,560
B->A,65 129,551
B->A,65 209,551
B->A,101 189,546
B->A,101 141,540
B->A,77 181,540
B->A,81 145,532
B->A,77 241,528
B->A,121 185,520
B->A,113 129,513
B->A,81 241,510
B->A,101 237,494
B->A,69 221,494
B->A,113 161,486
B->A,105 185,483
B->A,89 129,480
B->A,94 170,480
B->A,69 149,475
B->A,89 201,475
B->A,125 237,468
B->A,89 161,462
B->A,65 201,460
B->A,90 230,460
B->A,89 217,456
B->A,89 249,450
B->A,121 153,442
B->A,101 129,440
B->A,101 201,440
B->A,90 166,440
B->A,110 170,437
B->A,110 226,437
B->A,106 230,432
B->A,89 237,432
B->A,77 149,425
B->A,97 209,425
B->A,105 149,420
B->A,66 170,420
B->A,69 233,420
B->A,125 189,418
B->A,89 165,418
B->A,77 245,416
B->A,89 209,414
B->A,97 161,408
B->A,101 161,400
B->A,113 209,400
B->A,69 153,400
B->A,101 209,399
B->A,101 249,399
B->A,125 217,399
B->A,90 154,399
B->A,77 145,396
C->A,77 241,396
B->A,77 229,391
B->A,65 161,384
B->A,82 230,384
B->A,113 189,380
B->A,125 129,380
B->A,69 185,380
B->A,81 153,380
B->A,90 174,380
B->A,101 217,378
B->A,109 209,378
B->A,117 161,378
B->A,117 209,378
B->A,65 237,378
B->A,81 185,378
B->A,90 246,378
B->A,121 173,374
C->A,101 129,374
C->A,117 129,374
B->A,105 153,368
B->A,125 165,368
B->A,65 189,361
B->A,89 189,361
B->A,85 209,360
C->A,117 201,360
B->A,81 181,357
C->A,117 209,357
B->A,101 165,345
B->A,125 161,342
C->A,69 149,342
B->A,118 170,340
C->A,66 170,340
C->A,69 153,340
C->A,69 233,340
C->A,89 129,340
B->A,121 137,336
B->A,69 245,336
B->A,73 189,336
C->A,101 217,336
C->A,89 161,336
B->A,117 141,330
B->A,65 217,330
B->A,73 209,330
C->A,69 197,330
B->A,105 221,324
B->A,105 245,324
B->A,65 251,324
B->A,81 245,324
B->A,90 238,324
B->A,85 189,323
B->A,89 141,323
C->A,125 217,323
C->A,81 173,323
B->A,121 245,320
B->A,125 209,320
C->A,101 161,320
C->A,81 153,320
B->A,89 139,306
C->A,89 209,306
B->A,113 201,304
B->A,73 161,304
B->A,81 149,304
B->A,81 173,304
C->A,101 209,304
C->A,101 249,304
C->A,81 145,304
C->A,89 189,304
C->A,90 154,304
B->A,110 178,300
B->A,69 205,300
C->A,105 149,300
B->A,77 205,299
C->A,101 189,294
C->A,90 246,294
B->A,77 173,289
B->A,91 173,289
B->A,101 133,288
B->A,101 203,288
B->A,109 237,288
B->A,121 221,288
B->A,69 137,288
B->A,77 185,288
B->A,81 229,288
C->A,105 221,288
C->A,89 237,288
B->A,105 229,286
B->A,117 129,286
B->A,69 145,286
B->A,77 221,286
C->A,110 250,286
B->A,109 189,285
B->A,125 213,285
C->A,125 129,285
C->A,125 189,285
C->A,89 165,285
B->A,101 213,280
B->A,117 201,280
C->A,101 201,280
C->A,121 185,280
C->A,77 181,280
B->A,105 137,273
B->A,105 145,273
B->A,117 249,273
B->A,125 133,273
B->A,90 198,273
C->A,105 185,273
B->A,107 229,272
B->A,107 241,272
B->A,117 251,272
B->A,65 213,272
B->A,75 149,272
B->A,81 205,272
B->A,90 110,272
B->A,90 214,272
C->A,81 241,272
B->A,101 179,270
B->A,77 101,270
C->A,109 209,270
C->A,117 161,270
C->A,121 221,270
C->A,65 237,270
C->A,89 249,270
B->A,73 129,266
C->A,113 189,266
C->A,65 129,266
C->A,65 209,266
C->A,89 217,266
B->A,69 241,264
B->A,105 241,260
B->A,106 174,260
B->A,89 105,260
C->A,101 141,260
C->A,65 201,260
C->A,94 170,260
B->A,101 227,256
B->A,113 249,256
B->A,125 249,256
B->A,65 249,256
B->A,83 181,256
B->A,97 189,256
C->A,121 245,256
C->A,69 245,256
B->A,105 173,255
B->A,109 251,255
B->A,113 171,255
B->A,117 171,255
B->A,65 139,255
B->A,77 169,255
B->A,83 221,255
B->A,90 94,255
C->A,121 173,255
C->A,81 181,255
C->A,90 138,255
B->A,109 213,252
B->A,65 141,252
B->A,66 250,252
B->A,70 170,252
B->A,77 197,252
C->A,125 237,252
C->A,69 173,252
C->A,81 185,252
C->A,85 209,252
C->A,89 133,252
B->A,109 161,247
C->A,110 226,247
C->A,65 189,247
B->A,101 219,240
B->A,105 181,240
B->A,105 233,240
B->A,113 139,240
B->A,117 131,240
B->A,117 237,240
B->A,121 233,240
B->A,125 141,240
B->A,65 131,240
B->A,65 165,240
B->A,65 171,240
B->A,65 69,240
B->A,69 181,240
B->A,73 179,240
B->A,77 225,240
B->A,81 233,240
B->A,89 131,240
B->A,89 171,240
C->A,113 201,240
C->A,65 161,240
C->A,65 213,240
C->A,65 249,240
C->A,69 137,240
B->A,106 110,238
B->A,117 165,238
B->A,125 201,238
B->A,65 195,238
B->A,81 157,238
B->A,89 121,238
C->A,118 170,238
C->A,121 153,238
C->A,81 205,238
B->A,69 225,234
B->A,81 137,234
B->A,89 133,234
B->A,89 253,234
C->A,105 245,234
C->A,106 230,234
C->A,113 161,234
C->A,77 145,234
C->A,81 245,234
C->A,73 189,231
B->A,69 101,228
C->A,101 237,228
C->A,125 161,228
C->A,69 185,228
C->A,90 174,228
B->A,107 185,225
B->A,113 237,225
B->A,117 155,225
B->A,125 179,225
B->A,83 225,225
B->A,89 211,225
B->A,89 213,225
B->A,91 153,225
B->A,93 173,225
B->A,97 129,225
C->A,101 165,225
C->A,113 237,225
C->A,117 141,225
B->A,101 155,224
B->A,101 171,224
B->A,101 211,224
B->A,101 243,224
B->A,109 131,224
B->A,65 133,224
B->A,68 174,224
B->A,69 229,224
B->A,75 197,224
B->A,81 193,224
B->A,83 241,224
B->A,89 179,224
B->A,89 227,224
B->A,90 142,224
B->A,99 173,224
C->A,101 133,224
C->A,101 177,224
C->A,101 213,224
C->A,113 209,224
C->A,73 161,224
C->A,77 185,224
C->A,81 157,224
C->A,81 229,224
B->A,101 195,221
B->A,110 130,221
B->A,121 149,221
B->A,73 249,221
B->A,73 251,221
B->A,85 129,221
B->A,89 195,221
B->A,90 138,221
C->A,77 173,221
B->A,105 225,220
B->A,81 225,220
C->A,90 166,220
C->A,90 230,220
B->A,66 178,216
B->A,66 226,216
B->A,82 246,216
B->A,90 190,216
B->A,101 131,210
B->A,106 198,210
B->A,107 145,210
B->A,125 139,210
B->A,125 211,210
B->A,69 125,210
B->A,85 161,210
B->A,85 237,210
B->A,99 145,210
B->A,99 241,210
C->A,85 161,210
C->A,113 129,209
C->A,125 213,209
C->A,69 221,209
C->A,89 201,209
B->A,101 139,208
B->A,101 177,208
B->A,102 250,208
B->A,105 197,208
B->A,115 149,208
B->A,75 173,208
B->A,77 157,208
B->A,89 219,208
C->A,109 161,208
C->A,117 249,208
C->A,125 249,208
C->A,65 69,208
B->A,102 170,204
B->A,109 129,204
B->A,117 213,204
B->A,75 153,204
B->A,93 241,204
C->A,77 229,204
C->A,97 161,204
C->A,97 209,204
B->A,109 201,200
C->A,117 189,200
B->A,105 157,198
B->A,101 105,196
B->A,101 251,196
B->A,109 155,196
B->A,115 173,196
B->A,117 179,196
B->A,65 179,196
B->A,75 221,196
B->A,81 117,196
B->A,81 197,196
B->A,99 185,196
B->A,113 213,195
B->A,125 155,195
B->A,75 233,195
B->A,81 221,195
B->A,83 149,195
B->A,83 205,195
B->A,90 210,195
B->A,91 149,195
B->A,93 149,195
B->A,93 153,195
B->A,99 157,195
C->A,110 178,195
C->A,121 233,195
C->A,73 209,195
C->A,77 225,195
C->A,81 221,195
C->A,81 233,195
C->A,89 213,195
C->A,90 210,195
B->A,110 202,192
B->A,113 217,192
B->A,117 139,192
B->A,125 219,192
C->A,105 153,192
C->A,77 245,192
C->A,81 149,192
B->A,82 174,190
B->A,105 169,187
B->A,69 169,187
C->A,77 149,187
C->A,89 141,187
B->A,101 235,182
B->A,109 203,182
B->A,109 227,182
B->A,110 244,182
B->A,113 131,182
B->A,113 251,182
B->A,123 185,182
B->A,125 195,182
B->A,65 187,182
B->A,65 227,182
B->A,65 81,182
B->A,77 89,182
B->A,83 185,182
B->A,85 251,182
B->A,91 197,182
B->A,93 185,182
B->A,97 249,182
B->A,99 153,182
B->A,99 245,182
C->A,69 225,182
C->A,77 221,182
C->A,81 117,182
B->A,105 125,180
B->A,73 171,180
B->A,77 153,180
B->A,89 251,180
B->A,91 185,180
B->A,93 181,180
B->A,97 131,180
B->A,99 205,180
C->A,105 173,180
C->A,106 198,180
C->A,109 189,180
C->A,117 237,180
C->A,66 90,180
B->A,117 133,176
B->A,117 195,176
B->A,117 211,176
C->A,113 249,176
C->A,121 137,176
C->A,97 189,176
B->A,105 205,170
B->A,106 246,170
B->A,117 217,170
B->A,69 157,170
B->A,77 125,170
C->A,117 217,170
B->A,107 153,169
B->A,125 131,169
B->A,73 155,169
B->A,77 117,169
B->A,77 233,169
B->A,83 229,169
B->A,85 179,169
B->A,94 164,169
C->A,105 137,169
C->A,121 149,169
C->A,90 198,169
B->A,107 181,168
B->A,107 245,168
B->A,113 219,168
B->A,115 221,168
B->A,116 166,168
B->A,116 174,168
B->A,116 230,168
B->A,125 227,168
B->A,68 246,168
B->A,69 89,168
B->A,77 109,168
B->A,81 113,168
B->A,81 89,168
B->A,81 97,168
B->A,85 131,168
B->A,93 101,168
B->A,93 229,168
B->A,97 179,168
B->A,99 181,168
C->A,117 165,168
C->A,66 250,168
C->A,77 153,168
C->A,77 89,168
B->A,101 253,165
B->A,109 165,165
B->A,109 171,165
B->A,113 121,165
B->A,115 185,165
B->A,65 105,165
B->A,83 173,165
B->A,85 201,165
B->A,93 245,165
C->A,93 173,165
C->A,89 139,162
B->A,101 147,160
B->A,106 138,160
B->A,109 243,160
B->A,73 81,160
C->A,121 181,160
C->A,125 165,160
C->A,125 209,160
C->A,65 165,160
C->A,82 230,160
B->A,101 121,156
B->A,107 173,156
B->A,113 141,156
B->A,115 153,156
B->A,125 171,156
B->A,125 203,156
B->A,65 243,156
B->A,66 202,156
B->A,67 153,156
B->A,73 201,156
B->A,75 245,156
B->A,89 203,156
B->A,91 221,156
B->A,94 212,156
B->A,99 233,156
C->A,113 141,156
B->A,101 187,154
B->A,107 149,154
B->A,125 253,154
B->A,68 166,154
B->A,69 193,154
B->A,75 185,154
B->A,85 165,154
B->A,89 177,154
B->A,89 235,154
B->A,89 243,154
B->A,91 233,154
B->A,94 180,154
B->A,97 251,154
C->A,101 105,154
C->A,105 229,154
C->A,125 201,154
C->A,65 141,154
C->A,69 113,154
C->A,70 170,154
C->A,81 197,154
C->A,89 121,154
B->A,69 117,153
B->A,83 153,153
C->A,75 149,153
C->A,85 189,153
C->A,110 170,152
B->A,66 90,150
B->A,70 90,150
B->A,83 169,150
C->A,105 225,150
B->A,115 197,144
B->A,121 125,144
B->A,121 197,144
B->A,65 203,144
B->A,65 77,144
B->A,73 141,144
B->A,89 155,144
B->A,90 184,144
C->A,101 155,144
C->A,101 203,144
C->A,113 217,144
C->A,117 251,144
C->A,125 141,144
B->A,101 163,143
B->A,110 164,143
B->A,116 238,143
B->A,117 235,143
B->A,121 225,143
B->A,123 221,143
B->A,125 147,143
B->A,125 243,143
B->A,65 211,143
B->A,65 219,143
B->A,66 130,143
B->A,67 185,143
B->A,69 109,143
B->A,69 85,143
B->A,75 137,143
B->A,82 110,143
B->A,89 187,143
C->A,105 197,143
C->A,110 130,143
C->A,77 205,143
C->A,77 233,143
B->A,100 230,140
B->A,107 221,140
B->A,109 141,140
B->A,113 195,140
B->A,117 227,140
B->A,125 251,140
B->A,65 155,140
B->A,73 131,140
B->A,83 233,140
B->A,85 141,140
B->A,93 221,140
C->A,65 133,140
C->A,69 125,140
C->A,77 137,140
C->A,89 177,140
C->A,93 185,140
B->A,73 165,136
B->A,94 250,136
C->A,107 229,136
C->A,109 251,136
C->A,83 221,136
B->A,117 121,135
B->A,123 181,135
B->A,70 250,135
B->A,89 147,135
C->A,105 125,135
C->A,121 229,135
C->A,65 139,135
C->A,65 217,135
C->A,70 250,135
C->A,77 101,135
C->A,77 169,135
C->A,91 153,135
C->A,94 226,135
B->A,107 169,132
B->A,107 225,132
B->A,109 179,132
B->A,113 147,132
B->A,113 227,132
B->A,115 233,132
B->A,117 253,132
B->A,123 153,132
B->A,125 235,132
B->A,65 147,132
B->A,66 164,132
B->A,67 173,132
B->A,68 230,132
B->A,73 203,132
B->A,82 198,132
B->A,85 227,132
B->A,89 107,132
B->A,90 118,132
C->A,69 241,132
C->A,77 109,132
C->A,93 225,132
B->A,110 212,130
B->A,117 219,130
B->A,123 173,130
B->A,76 170,130
B->A,77 193,130
B->A,81 109,130
B->A,85 171,130
B->A,99 225,130
C->A,93 149,130
B->A,107 157,128
B->A,75 145,128
B->A,85 249,128
C->A,101 139,128
C->A,101 147,128
C->A,101 227,128
C->A,106 166,128
C->A,65 171,128
C->A,83 241,128
B->A,115 225,126
B->A,117 203,126
B->A,123 245,126
B->A,75 225,126
B->A,81 125,126
B->A,94 178,126
C->A,101 179,126
C->A,101 187,126
C->A,125 253,126
C->A,65 251,126
C->A,66 226,126
C->A,77 197,126
C->A,81 125,126
C->A,99 241,126
B->A,113 179,121
B->A,116 138,121
B->A,117 243,121
B->A,120 170,121
B->A,70 164,121
B->A,81 101,121
B->A,83 157,121
B->A,91 101,121
B->A,99 221,121
C->A,101 253,121
C->A,81 101,121
B->A,109 195,120
B->A,113 165,120
B->A,118 164,120
B->A,123 241,120
B->A,65 177,120
B->A,65 235,120
B->A,66 82,120
B->A,68 154,120
B->A,70 180,120
B->A,73 219,120
B->A,82 138,120
B->A,85 243,120
B->A,90 236,120
B->A,91 137,120
B->A,94 130,120
B->A,97 155,120
B->A,99 229,120
C->A,101 131,120
C->A,105 181,120
C->A,109 201,120
C->A,121 145,120
C->A,121 197,120
C->A,69 101,120
C->A,89 131,120
C->A,89 211,120
C->A,93 153,120
C->A,93 221,120
C->A,113 171,119
C->A,65 195,119
C->A,89 195,119
B->A,118 250,117
B->A,121 241,117
B->A,81 169,117
B->A,94 202,117
C->A,113 213,117
C->A,117 219,117
C->A,81 109,117
C->A,81 137,117
C->A,89 105,117
C->A,89 187,117
C->A,91 245,117
C->A,73 129,114
B->A,106 238,112
B->A,120 250,112
B->A,69 113,112
B->A,69 73,112
B->A,73 243,112
B->A,75 205,112
B->A,75 241,112
B->A,77 137,112
C->A,101 211,112
C->A,101 219,112
C->A,101 251,112
C->A,106 154,112
C->A,109 131,112
C->A,113 139,112
C->A,113 195,112
C->A,115 149,112
C->A,115 173,112
C->A,117 131,112
C->A,117 179,112
C->A,123 185,112
C->A,125 195,112
C->A,125 211,112
C->A,125 219,112
C->A,73 179,112
C->A,75 185,112
C->A,81 193,112
C->A,83 181,112
C->A,83 185,112
C->A,89 155,112
C->A,90 110,112
C->A,90 214,112
C->A,99 173,112
B->A,113 187,110
B->A,113 211,110
B->A,113 243,110
B->A,115 245,110
B->A,118 180,110
B->A,118 212,110
B->A,65 253,110
B->A,65 75,110
B->A,67 101,110
B->A,67 149,110
B->A,68 238,110
B->A,75 101,110
B->A,83 245,110
B->A,84 170,110
B->A,90 140,110
B->A,91 225,110
B->A,97 201,110
B->A,99 149,110
B->A,99 169,110
C->A,117 133,110
C->A,69 145,110
C->A,73 81,110
B->A,101 107,108
B->A,102 164,108
B->A,102 178,108
B->A,115 137,108
B->A,116 246,108
B->A,121 145,108
B->A,123 149,108
B->A,67 221,108
B->A,73 217,108
B->A,83 145,108
B->A,83 89,108
B->A,89 93,108
B->A,91 117,108
B->A,97 141,108
B->A,97 171,108
C->A,101 121,108
C->A,109 237,108
C->A,113 253,108
C->A,117 213,108
C->A,66 178,108
C->A,66 212,108
C->A,68 154,108
C->A,69 117,108
C->A,75 153,108
C->A,81 89,108
C->A,81 97,108
C->A,93 101,108
C->A,93 181,108
B->A,109 249,105
B->A,121 229,105
C->A,105 145,105
C->A,107 185,105
C->A,117 155,105
C->A,125 139,105
C->A,65 131,105
C->A,70 90,105
C->A,82 138,105
C->A,83 205,105
C->A,94 130,105
B->A,106 210,104
B->A,107 137,104
B->A,109 147,104
B->A,118 226,104
B->A,121 157,104
B->A,123 229,104
B->A,65 121,104
B->A,66 136,104
B->A,85 195,104
B->A,85 213,104
B->A,90 196,104
B->A,91 245,104
B->A,93 145,104
B->A,93 197,104
B->A,97 165,104
C->A,121 157,104
C->A,65 219,104
C->A,65 81,104
C->A,73 251,104
C->A,77 157,104
C->A,83 229,104
C->A,109 129,102
C->A,117 171,102
C->A,73 249,102
C->A,85 129,102
C->A,91 173,102
C->A,93 241,102
C->A,94 250,102
B->A,110 180,100
B->A,125 187,100
B->A,65 91,100
B->A,68 94,100
B->A,81 85,100
B->A,82 210,100
B->A,83 101,100
B->A,83 137,100
B->A,99 137,100
C->A,69 205,100
B->A,110 136,99
B->A,113 203,99
B->A,116 198,99
B->A,67 225,99
B->A,83 197,99
B->A,89 123,99
B->A,89 163,99
B->A,93 233,99
B->A,99 117,99
C->A,121 125,99
C->A,77 97,99
C->A,93 245,99
B->A,75 157,98
B->A,97 219,98
C->A,101 243,98
C->A,107 145,98
C->A,107 149,98
C->A,113 131,98
C->A,125 251,98
C->A,73 131,98
C->A,75 225,98
C->A,85 131,98
C->A,85 251,98
C->A,97 251,98
C->A,99 153,98
C->A,99 185,98
B->A,106 166,96
B->A,107 125,96
B->A,108 226,96
B->A,66 106,96
B->A,66 212,96
B->A,73 237,96
B->A,82 166,96
B->A,85 155,96
B->A,93 125,96
B->A,93 205,96
C->A,105 233,96
C->A,106 138,96
C->A,107 181,96
C->A,107 241,96
C->A,115 153,96
C->A,115 221,96
C->A,115 233,96
C->A,65 77,96
C->A,69 181,96
C->A,69 89,96
C->A,82 198,96
C->A,83 145,96
C->A,89 171,96
C->A,89 179,96
C->A,89 227,96
B->A,105 117,91
B->A,68 214,91
B->A,73 213,91
B->A,77 85,91
C->A,101 195,91
C->A,101 235,91
C->A,106 210,91
C->A,109 203,91
C->A,109 217,91
C->A,118 250,91
C->A,121 241,91
C->A,123 221,91
C->A,125 133,91
C->A,125 155,91
C->A,125 171,91
C->A,65 243,91
C->A,66 202,91
C->A,89 219,91
C->A,89 253,91
B->A,101 115,90
B->A,105 193,90
B->A,107 205,90
B->A,113 133,90
B->A,116 118,90
B->A,116 154,90
B->A,121 169,90
B->A,65 115,90
B->A,67 233,90
B->A,67 245,90
B->A,73 227,90
B->A,75 89,90
B->A,83 113,90
B->A,90 102,90
B->A,97 243,90
B->A,99 101,90
C->A,109 213,90
C->A,113 165,90
C->A,115 185,90
C->A,117 121,90
C->A,65 93,90
C->A,73 141,90
C->A,75 233,90
C->A,83 225,90
C->A,89 251,90
C->A,90 190,90
C->A,90 238,90
C->A,90 94,90
C->A,91 149,90
C->A,97 129,90
C->A,97 141,90
B->A,106 140,88
B->A,108 250,88
B->A,109 133,88
B->A,125 177,88
B->A,66 180,88
B->A,70 212,88
B->A,70 226,88
B->A,75 181,88
B->A,85 203,88
B->A,99 193,88
C->A,113 121,88
C->A,116 138,88
C->A,121 225,88
C->A,125 177,88
C->A,65 105,88
C->A,65 253,88
C->A,66 164,88
C->A,93 233,88
B->A,97 237,85
C->A,106 246,85
C->A,69 157,85
C->A,69 169,85
C->A,73 165,85
B->A,106 154,84
B->A,106 236,84
B->A,107 233,84
B->A,68 198,84
B->A,70 178,84
B->A,83 193,84
B->A,84 250,84
B->A,90 204,84
B->A,97 213,84
C->A,106 110,84
C->A,107 245,84
C->A,109 179,84
C->A,109 227,84
C->A,110 202,84
C->A,113 251,84
C->A,121 205,84
C->A,123 245,84
C->A,125 227,84
C->A,65 155,84
C->A,65 179,84
C->A,81 113,84
C->A,82 166,84
C->A,89 243,84
C->A,90 118,84
C->A,90 142,84
C->A,91 185,84
C->A,94 178,84
C->A,99 145,84
C->A,99 181,84
B->A,101 123,81
B->A,102 226,81
B->A,105 113,81
B->A,116 210,81
B->A,116 214,81
B->A,123 233,81
B->A,73 77,81
B->A,82 236,81
B->A,83 125,81
B->A,88 170,81
B->A,90 132,81
B->A,93 137,81
C->A,81 169,81
B->A,110 116,80
B->A,65 83,80
B->A,68 190,80
B->A,83 109,80
B->A,89 115,80
B->A,93 169,80
B->A,99 197,80
C->A,107 157,80
C->A,109 243,80
C->A,117 139,80
C->A,117 211,80
C->A,65 121,80
C->A,69 229,80
C->A,77 125,80
C->A,77 193,80
C->A,81 85,80
C->A,83 169,80
C->A,99 229,80
B->A,123 225,78
B->A,75 169,78
C->A,125 131,78
C->A,65 187,78
C->A,66 130,78
C->A,73 155,78
C->A,83 149,78
C->A,91 197,78
C->A,99 157,78
B->A,110 148,77
B->A,73 195,77
B->A,75 117,77
B->A,77 97,77
C->A,113 211,77
C->A,117 243,77
C->A,125 243,77
C->A,66 180,77
C->A,82 110,77
C->A,82 154,77
C->A,83 197,77
C->A,83 245,77
C->A,85 203,77
C->A,89 235,77
C->A,82 174,76
B->A,94 226,75
C->A,117 147,75
C->A,125 179,75
C->A,85 201,75
C->A,85 237,75
B->A,100 174,72
B->A,102 244,72
B->A,105 109,72
B->A,109 253,72
B->A,113 155,72
B->A,113 253,72
B->A,116 142,72
B->A,123 125,72
B->A,123 197,72
B->A,125 163,72
B->A,209 225,72
B->A,73 105,72
B->A,73 107,72
B->A,73 177,72
B->A,75 125,72
B->A,80 230,72
B->A,83 117,72
B->A,85 107,72
B->A,89 91,72
B->A,90 172,72
B->A,91 125,72
B->A,93 109,72
B->A,93 225,72
B->A,94 106,72
B->A,97 105,72
B->A,97 177,72
B->A,97 203,72
C->A,102 170,72
C->A,105 113,72
C->A,105 157,72
C->A,113 133,72
C->A,115 197,72
C->A,118 202,72
C->A,67 153,72
C->A,70 178,72
C->A,73 217,72
C->A,73 237,72
C->A,73 77,72
C->A,82 246,72
C->A,83 89,72
C->A,85 155,72
C->A,85 227,72
C->A,85 243,72
C->A,89 147,72
C->A,89 203,72
C->A,89 93,72
C->A,91 221,72
C->A,97 155,72
C->A,97 171,72
C->A,99 205,72
B->A,107 117,70
B->A,110 160,70
B->A,117 177,70
B->A,117 187,70
B->A,118 130,70
B->A,221 237,70
B->A,70 202,70
B->A,73 99,70
B->A,75 229,70
B->A,80 246,70
B->A,82 214,70
B->A,89 99,70
C->A,101 171,70
C->A,105 117,70
C->A,106 238,70
C->A,109 155,70
C->A,115 225,70
C->A,116 230,70
C->A,117 177,70
C->A,117 203,70
C->A,65 227,70
C->A,68 174,70
C->A,69 193,70
C->A,73 243,70
C->A,75 197,70
C->A,90 102,70
C->A,91 137,70
C->A,99 149,70
C->A,99 197,70
C->A,105 169,68
C->A,97 237,68
B->A,109 219,66
B->A,120 202,66
B->A,123 157,66
B->A,67 241,66
B->A,77 113,66
B->A,82 154,66
C->A,101 163,66
C->A,107 169,66
C->A,113 179,66
C->A,117 195,66
C->A,65 147,66
C->A,67 149,66
C->A,67 173,66
C->A,67 185,66
C->A,75 117,66
C->A,75 137,66
C->A,83 157,66
C->A,91 101,66
C->A,91 225,66
C->A,91 233,66
B->A,118 178,65
B->A,123 145,65
C->A,107 137,65
C->A,107 153,65
C->A,125 147,65
C->A,125 203,65
C->A,75 173,65
C->A,77 117,65
C->A,85 171,65
C->A,85 179,65
C->A,85 213,65
C->A,90 196,65
C->A,93 145,65
C->A,94 202,65
C->A,99 225,65
B->A,115 117,64
B->A,129 185,64
B->A,67 89,64
B->A,68 110,64
B->A,93 117,64
B->A,93 157,64
B->A,94 116,64
C->A,85 249,64
C->A,93 125,64
B->A,100 110,63
B->A,102 130,63
B->A,107 197,63
B->A,108 178,63
B->A,115 125,63
B->A,141 153,63
B->A,149 209,63
B->A,161 181,63
B->A,181 189,63
B->A,65 163,63
B->A,66 116,63
B->A,68 210,63
B->A,75 113,63
B->A,80 166,63
B->A,97 227,63
B->A,99 125,63
C->A,110 136,63
C->A,123 149,63
C->A,67 245,63
C->A,68 210,63
C->A,85 217,63
C->A,90 132,63
C->A,93 137,63
B->A,106 132,60
B->A,109 177,60
B->A,113 123,60
B->A,113 177,60
B->A,117 147,60
B->A,118 202,60
B->A,118 244,60
B->A,120 226,60
B->A,121 205,60
B->A,189 245,60
B->A,198 250,60
B->A,230 250,60
B->A,65 93,60
B->A,65 99,60
B->A,75 109,60
B->A,85 147,60
B->A,85 219,60
B->A,91 145,60
C->A,105 241,60
C->A,106 174,60
C->A,107 205,60
C->A,107 225,60
C->A,109 165,60
C->A,109 171,60
C->A,109 249,60
C->A,115 137,60
C->A,116 154,60
C->A,116 166,60
C->A,117 253,60
C->A,123 153,60
C->A,125 187,60
C->A,65 203,60
C->A,73 203,60
C->A,82 94,60
C->A,83 173,60
C->A,84 170,60
C->A,89 107,60
C->A,90 228,60
C->A,97 131,60
C->A,97 179,60
C->A,97 217,60
C->A,99 169,60
B->A,100 198,56
B->A,117 123,56
B->A,117 163,56
B->A,129 137,56
B->A,129 149,56
B->A,129 197,56
B->A,153 161,56
B->A,153 209,56
B->A,157 189,56
B->A,205 209,56
B->A,65 123,56
B->A,66 244,56
B->A,66 68,56
B->A,67 125,56
B->A,67 197,56
B->A,73 83,56
B->A,83 85,56
B->A,84 178,56
B->A,84 202,56
B->A,91 113,56
B->A,93 113,56
B->A,97 195,56
C->A,109 121,56
C->A,109 141,56
C->A,117 187,56
C->A,117 227,56
C->A,69 73,56
C->A,75 221,56
C->A,77 85,56
C->A,83 233,56
C->A,93 117,56
C->A,93 229,56
B->A,120 178,55
B->A,123 205,55
B->A,185 249,55
B->A,67 117,55
B->A,70 244,55
B->A,75 193,55
B->A,82 238,55
B->A,85 105,55
B->A,97 139,55
C->A,106 142,55
C->A,109 133,55
C->A,113 227,55
C->A,65 211,55
C->A,67 101,55
C->A,82 238,55
C->A,97 201,55
C->A,99 117,55
C->A,99 221,55
B->A,161 173,54
B->A,173 209,54
B->A,209 241,54
B->A,67 137,54
B->A,70 130,54
B->A,73 121,54
C->A,66 116,54
C->A,73 227,54
C->A,75 125,54
B->A,109 217,52
B->A,66 148,52
C->A,110 164,52
C->A,110 244,52
C->A,118 178,52
C->A,118 226,52
C->A,75 245,52
C->A,94 164,52
C->A,94 212,52
C->A,99 233,52
C->A,105 205,51
C->A,83 153,51
B->A,102 136,50
B->A,102 180,50
B->A,106 190,50
B->A,113 115,50
B->A,130 230,50
B->A,145 161,50
B->A,145 209,50
B->A,185 217,50
B->A,68 138,50
B->A,69 97,50
B->A,73 139,50
B->A,82 140,50
B->A,85 139,50
B->A,88 250,50
B->A,90 120,50
B->A,90 228,50
B->A,91 169,50
B->A,97 121,50
C->A,107 221,50
C->A,115 181,50
C->A,118 180,50
C->A,65 115,50
C->A,65 177,50
C->A,65 75,50
C->A,75 101,50
C->A,83 137,50
C->A,89 99,50
C->A,91 241,50
C->A,97 121,50
B->A,106 108,49
B->A,108 170,49
B->A,161 169,49
B->A,161 185,49
B->A,185 189,49
B->A,68 70,49
B->A,70 116,49
B->A,80 174,49
B->A,84 180,49
B->A,97 99,49
B->A,102 116,48
B->A,102 202,48
B->A,107 109,48
B->A,115 205,48
B->A,115 241,48
B->A,121 181,48
B->A,129 153,48
B->A,137 209,48
B->A,141 173,48
B->A,149 213,48
B->A,166 170,48
B->A,170 230,48
B->A,173 189,48
B->A,189 197,48
B->A,66 232,48
B->A,68 142,48
B->A,80 238,48
B->A,82 204,48
B->A,97 217,48
C->A,101 107,48
C->A,105 109,48
C->A,107 125,48
C->A,107 233,48
C->A,113 219,48
C->A,115 241,48
C->A,116 174,48
C->A,66 106,48
C->A,67 197,48
C->A,68 246,48
C->A,73 133,48
C->A,73 201,48
C->A,83 193,48
C->A,91 113,48
C->A,93 197,48
C->A,93 205,48
C->A,97 213,48
B->A,106 214,45
B->A,106 228,45
B->A,107 193,45
B->A,115 157,45
B->A,129 221,45
B->A,149 161,45
B->A,153 201,45
B->A,153 249,45
B->A,173 249,45
B->A,185 201,45
B->A,209 221,45
B->A,209 233,45
B->A,226 230,45
B->A,73 147,45
B->A,73 75,45
B->A,75 97,45
B->A,82 120,45
B->A,82 228,45
B->A,88 90,45
B->A,91 181,45
B->A,94 148,45
C->A,101 123,45
C->A,106 118,45
C->A,106 214,45
C->A,113 155,45
C->A,116 210,45
C->A,116 214,45
C->A,73 121,45
C->A,73 171,45
C->A,85 133,45
B->A,100 138,44
B->A,106 142,44
B->A,109 139,44
B->A,149 237,44
B->A,97 211,44
C->A,113 147,44
C->A,113 187,44
C->A,118 212,44
C->A,67 225,44
C->A,70 226,44
C->A,73 211,44
C->A,89 123,44
C->A,91 229,44
C->A,94 180,44
B->A,110 208,42
B->A,113 163,42
B->A,113 235,42
B->A,123 137,42
B->A,129 225,42
B->A,129 245,42
B->A,145 189,42
B->A,185 209,42
B->A,209 229,42
B->A,217 225,42
B->A,65 107,42
B->A,65 67,42
B->A,70 106,42
B->A,76 90,42
B->A,83 97,42
B->A,85 93,42
B->A,99 113,42
C->A,121 193,42
C->A,129 137,42
C->A,149 209,42
C->A,161 181,42
C->A,221 237,42
C->A,99 113,42
B->A,109 187,40
B->A,109 211,40
B->A,110 232,40
B->A,123 169,40
B->A,129 173,40
B->A,157 161,40
B->A,161 205,40
B->A,161 225,40
B->A,161 241,40
B->A,173 237,40
B->A,185 237,40
B->A,189 205,40
B->A,237 245,40
B->A,67 181,40
B->A,67 229,40
B->A,82 184,40
B->A,84 226,40
B->A,91 241,40
B->A,97 107,40
C->A,106 190,40
C->A,110 180,40
C->A,110 232,40
C->A,113 115,40
C->A,115 117,40
C->A,117 163,40
C->A,118 164,40
C->A,129 185,40
C->A,65 123,40
C->A,65 83,40
C->A,66 68,40
C->A,67 229,40
C->A,67 233,40
C->A,67 89,40
C->A,68 138,40
C->A,75 89,40
C->A,82 210,40
C->A,83 101,40
C->A,93 113,40
C->A,93 157,40
C->A,93 169,40
C->A,97 203,40
C->A,107 173,39
C->A,117 235,39
C->A,123 173,39
C->A,69 109,39
C->A,69 85,39
C->A,73 213,39
C->A,97 165,39
C->A,97 249,39
C->A,99 245,39
B->A,107 113,36
B->A,108 130,36
B->A,115 145,36
B->A,115 169,36
B->A,115 229,36
B->A,116 190,36
B->A,121 193,36
B->A,129 241,36
B->A,131 229,36
B->A,139 149,36
B->A,145 251,36
B->A,149 189,36
B->A,157 209,36
B->A,161 229,36
B->A,169 209,36
B->A,173 201,36
B->A,174 178,36
B->A,178 230,36
B->A,179 241,36
B->A,181 209,36
B->A,197 201,36
B->A,198 202,36
B->A,201 233,36
B->A,202 230,36
B->A,229 237,36
B->A,68 102,36
B->A,80 198,36
B->A,84 130,36
B->A,85 133,36
B->A,85 177,36
B->A,85 217,36
B->A,91 157,36
B->A,94 244,36
C->A,102 178,36
C->A,107 197,36
C->A,115 145,36
C->A,115 205,36
C->A,116 198,36
C->A,116 246,36
C->A,123 225,36
C->A,125 235,36
C->A,141 173,36
C->A,169 209,36
C->A,197 201,36
C->A,209 229,36
C->A,209 241,36
C->A,66 82,36
C->A,67 221,36
C->A,68 198,36
C->A,70 136,36
C->A,70 180,36
C->A,73 177,36
C->A,77 113,36
C->A,83 125,36
C->A,89 163,36
C->A,89 91,36
C->A,90 184,36
C->A,91 125,36
C->A,91 145,36
C->A,91 181,36
C->A,94 106,36
C->A,99 101,36
B->A,106 204,35
B->A,129 181,35
B->A,129 229,35
B->A,129 233,35
B->A,137 249,35
B->A,149 201,35
B->A,161 233,35
B->A,165 173,35
B->A,174 250,35
B->A,178 246,35
B->A,189 225,35
B->A,237 241,35
B->A,67 205,35
B->A,68 118,35
B->A,68 196,35
B->A,73 253,35
B->A,76 250,35
B->A,82 190,35
B->A,84 90,35
B->A,91 193,35
B->A,99 109,35
C->A,116 132,35
C->A,129 149,35
C->A,129 197,35
C->A,141 185,35
C->A,153 209,35
C->A,157 189,35
C->A,161 169,35
C->A,161 185,35
C->A,185 189,35
C->A,185 209,35
C->A,205 209,35
C->A,65 163,35
C->A,73 99,35
C->A,84 164,35
C->A,84 90,35
C->A,90 144,35
B->A,73 211,33
B->A,82 102,33
B->A,82 132,33
B->A,91 205,33
B->A,91 229,33
B->A,93 193,33
B->A,94 136,33
C->A,109 139,33
C->A,113 203,33
C->A,113 243,33
C->A,115 245,33
C->A,68 166,33
C->A,70 164,33
C->A,70 244,33
C->A,85 105,33
C->A,94 136,33
C->A,97 139,33
C->A,97 211,33
B->A,102 212,32
B->A,106 120,32
B->A,109 123,32
B->A,138 250,32
B->A,153 217,32
B->A,189 221,32
B->A,209 245,32
B->A,217 245,32
B->A,225 249,32
B->A,67 169,32
B->A,75 85,32
B->A,80 94,32
B->A,85 99,32
B->A,97 147,32
C->A,102 250,32
C->A,123 125,32
C->A,125 163,32
C->A,67 125,32
C->A,75 205,32
C->A,83 109,32
C->A,83 85,32
C->A,89 115,32
B->A,102 106,30
B->A,115 181,30
B->A,118 136,30
B->A,129 145,30
B->A,131 137,30
B->A,131 181,30
B->A,137 201,30
B->A,138 170,30
B->A,139 221,30
B->A,145 179,30
B->A,147 149,30
B->A,149 217,30
B->A,149 251,30
B->A,153 165,30
B->A,153 171,30
B->A,153 179,30
B->A,153 219,30
B->A,155 241,30
B->A,157 165,30
B->A,157 249,30
B->A,161 221,30
B->A,161 245,30
B->A,165 245,30
B->A,170 174,30
B->A,171 185,30
B->A,171 221,30
B->A,171 225,30
B->A,171 233,30
B->A,173 251,30
B->A,174 226,30
B->A,181 227,30
B->A,189 229,30
B->A,197 237,30
B->A,201 205,30
B->A,201 221,30
B->A,213 225,30
B->A,217 221,30
B->A,225 237,30
B->A,241 251,30
B->A,246 250,30
B->A,67 145,30
B->A,68 132,30
B->A,73 93,30
B->A,76 178,30
B->A,80 110,30
B->A,82 94,30
B->A,85 187,30
B->A,90 108,30
C->A,100 230,30
C->A,107 109,30
C->A,107 117,30
C->A,109 177,30
C->A,116 196,30
C->A,118 130,30
C->A,118 136,30
C->A,118 244,30
C->A,123 181,30
C->A,129 225,30
C->A,129 245,30
C->A,138 170,30
C->A,145 209,30
C->A,157 209,30
C->A,161 173,30
C->A,161 229,30
C->A,173 189,30
C->A,173 209,30
C->A,185 201,30
C->A,189 197,30
C->A,189 229,30
C->A,65 107,30
C->A,65 99,30
C->A,68 94,30
C->A,69 97,30
C->A,73 219,30
C->A,80 154,30
C->A,83 113,30
C->A,85 139,30
C->A,85 211,30
C->A,90 120,30
C->A,97 107,30
C->A,97 133,30
C->A,99 137,30
B->A,100 246,28
B->A,116 132,28
B->A,123 193,28
B->A,129 169,28
B->A,133 149,28
B->A,138 226,28
B->A,141 149,28
B->A,145 165,28
B->A,149 165,28
B->A,153 237,28
B->A,170 238,28
B->A,170 246,28
B->A,173 213,28
B->A,181 237,28
B->A,189 233,28
B->A,189 241,28
B->A,233 249,28
B->A,245 249,28
B->A,70 82,28
B->A,73 187,28
B->A,73 235,28
B->A,73 91,28
B->A,84 164,28
B->A,88 226,28
B->A,94 100,28
C->A,113 235,28
C->A,117 123,28
C->A,141 153,28
C->A,181 189,28
C->A,65 67,28
C->A,66 244,28
C->A,68 214,28
C->A,70 106,28
C->A,75 113,28
C->A,75 157,28
C->A,75 229,28
C->A,75 241,28
C->A,83 97,28
C->A,84 178,28
C->A,85 165,28
C->A,97 195,28
C->A,97 219,28
B->A,106 196,27
B->A,120 130,27
B->A,153 189,27
B->A,154 170,27
B->A,165 221,27
B->A,193 209,27
B->A,80 142,27
B->A,82 84,27
C->A,101 115,27
C->A,106 196,27
C->A,109 253,27
C->A,115 169,27
C->A,115 229,27
C->A,123 197,27
C->A,67 137,27
C->A,70 130,27
C->A,73 107,27
C->A,82 142,27
C->A,97 243,27
C->A,99 125,27
C->A,109 147,26
C->A,123 145,26
C->A,123 229,26
C->A,75 169,26
B->A,131 145,25
B->A,137 161,25
B->A,137 195,25
B->A,139 153,25
B->A,139 245,25
B->A,145 243,25
B->A,149 243,25
B->A,153 155,25
B->A,155 173,25
B->A,155 181,25
B->A,161 197,25
B->A,165 233,25
B->A,171 173,25
B->A,171 229,25
B->A,179 185,25
B->A,180 230,25
B->A,185 211,25
B->A,210 250,25
B->A,230 244,25
B->A,241 243,25
B->A,67 113,25
B->A,76 130,25
B->A,82 108,25
B->A,82 118,25
B->A,94 160,25
C->A,116 228,25
C->A,129 221,25
C->A,129 233,25
C->A,137 249,25
C->A,149 201,25
C->A,153 165,25
C->A,153 201,25
C->A,161 225,25
C->A,161 245,25
C->A,173 249,25
C->A,185 237,25
C->A,189 205,25
C->A,209 233,25
C->A,213 225,25
C->A,217 221,25
C->A,82 190,25
C->A,84 212,25
B->A,100 238,24
B->A,106 184,24
B->A,108 202,24
B->A,109 115,24
B->A,109 121,24
B->A,109 235,24
B->A,115 193,24
B->A,116 196,24
B->A,129 205,24
B->A,131 149,24
B->A,131 153,24
B->A,131 221,24
B->A,131 225,24
B->A,137 139,24
B->A,137 189,24
B->A,137 211,24
B->A,139 185,24
B->A,141 197,24
B->A,141 205,24
B->A,141 233,24
B->A,145 201,24
B->A,149 203,24
B->A,165 185,24
B->A,171 241,24
B->A,173 179,24
B->A,173 217,24
B->A,173 219,24
B->A,181 249,24
B->A,181 251,24
B->A,185 219,24
B->A,197 251,24
B->A,203 241,24
B->A,211 245,24
B->A,213 221,24
B->A,213 233,24
B->A,217 233,24
B->A,221 253,24
B->A,225 227,24
B->A,227 229,24
B->A,227 233,24
B->A,233 251,24
B->A,66 100,24
B->A,73 123,24
B->A,76 202,24
B->A,84 106,24
B->A,88 202,24
B->A,91 109,24
B->A,97 123,24
B->A,97 235,24
C->A,100 198,24
C->A,102 202,24
C->A,102 244,24
C->A,106 132,24
C->A,109 187,24
C->A,110 116,24
C->A,116 142,24
C->A,123 137,24
C->A,137 213,24
C->A,138 250,24
C->A,145 189,24
C->A,149 189,24
C->A,149 213,24
C->A,153 161,24
C->A,161 241,24
C->A,165 245,24
C->A,166 170,24
C->A,178 230,24
C->A,217 225,24
C->A,225 237,24
C->A,230 250,24
C->A,68 110,24
C->A,68 142,24
C->A,68 190,24
C->A,70 212,24
C->A,73 105,24
C->A,73 83,24
C->A,82 196,24
C->A,83 117,24
C->A,85 107,24
C->A,85 147,24
C->A,91 117,24
C->A,91 157,24
C->A,94 116,24
C->A,99 193,24
B->A,88 178,22
C->A,100 138,22
C->A,116 238,22
C->A,120 170,22
C->A,123 157,22
C->A,123 205,22
C->A,67 241,22
C->A,68 230,22
C->A,68 238,22
C->A,73 195,22
C->A,91 205,22
B->A,141 145,21
B->A,141 245,21
B->A,161 193,21
B->A,205 237,21
B->A,66 160,21
B->A,67 73,21
B->A,84 244,21
B->A,85 123,21
B->A,94 232,21
C->A,100 110,21
C->A,115 125,21
C->A,129 229,21
C->A,141 145,21
C->A,165 229,21
C->A,205 237,21
C->A,237 241,21
C->A,241 249,21
C->A,70 116,21
C->A,70 82,21
C->A,73 235,21
C->A,73 253,21
C->A,73 91,21
C->A,85 121,21
C->A,97 99,21
B->A,100 190,20
B->A,100 214,20
B->A,109 163,20
B->A,118 208,20
B->A,129 157,20
B->A,131 173,20
B->A,131 185,20
B->A,131 197,20
B->A,131 205,20
B->A,131 233,20
B->A,131 245,20
B->A,133 173,20
B->A,133 197,20
B->A,133 221,20
B->A,137 213,20
B->A,137 217,20
B->A,137 219,20
B->A,139 173,20
B->A,139 233,20
B->A,141 241,20
B->A,145 155,20
B->A,145 227,20
B->A,145 237,20
B->A,145 249,20
B->A,149 177,20
B->A,149 179,20
B->A,149 187,20
B->A,149 195,20
B->A,149 227,20
B->A,149 249,20
B->A,153 195,20
B->A,153 211,20
B->A,153 235,20
B->A,155 157,20
B->A,155 245,20
B->A,157 227,20
B->A,164 166,20
B->A,164 174,20
B->A,164 230,20
B->A,165 241,20
B->A,166 178,20
B->A,169 171,20
B->A,169 189,20
B->A,169 227,20
B->A,169 237,20
B->A,169 249,20
B->A,169 251,20
B->A,170 198,20
B->A,170 210,20
B->A,171 205,20
B->A,173 195,20
B->A,173 203,20
B->A,173 211,20
B->A,173 227,20
B->A,173 253,20
B->A,177 245,20
B->A,179 229,20
B->A,179 245,20
B->A,185 195,20
B->A,185 227,20
B->A,197 209,20
B->A,197 217,20
B->A,201 225,20
B->A,201 241,20
B->A,201 245,20
B->A,203 221,20
B->A,205 251,20
B->A,219 221,20
B->A,221 227,20
B->A,221 249,20
B->A,221 251,20
B->A,225 243,20
B->A,68 228,20
B->A,80 190,20
B->A,84 212,20
B->A,97 253,20
C->A,110 212,20
C->A,113 123,20
C->A,129 173,20
C->A,133 221,20
C->A,133 241,20
C->A,141 197,20
C->A,145 161,20
C->A,149 217,20
C->A,153 249,20
C->A,154 250,20
C->A,157 161,20
C->A,161 197,20
C->A,161 205,20
C->A,161 221,20
C->A,161 233,20
C->A,165 173,20
C->A,169 189,20
C->A,170 210,20
C->A,173 201,20
C->A,173 217,20
C->A,173 237,20
C->A,181 209,20
C->A,185 249,20
C->A,189 221,20
C->A,189 233,20
C->A,189 241,20
C->A,197 209,20
C->A,197 213,20
C->A,201 221,20
C->A,201 233,20
C->A,209 221,20
C->A,226 230,20
C->A,237 245,20
C->A,65 235,20
C->A,65 91,20
C->A,67 145,20
C->A,68 84,20
C->A,70 202,20
C->A,80 138,20
C->A,80 210,20
C->A,82 214,20
C->A,85 187,20
C->A,85 99,20
C->A,88 250,20
C->A,90 176,20
C->A,91 169,20
C->A,99 109,20
B->A,100 142,18
B->A,100 210,18
B->A,106 118,18
B->A,118 148,18
B->A,130 174,18
B->A,131 241,18
B->A,137 165,18
B->A,137 237,18
B->A,138 202,18
B->A,141 181,18
B->A,141 221,18
B->A,141 229,18
B->A,157 219,18
B->A,164 214,18
B->A,164 246,18
B->A,165 197,18
B->A,178 210,18
B->A,179 181,18
B->A,179 197,18
B->A,181 195,18
B->A,181 213,18
B->A,185 213,18
B->A,195 225,18
B->A,195 241,18
B->A,229 249,18
B->A,229 251,18
B->A,70 136,18
B->A,70 160,18
B->A,70 80,18
B->A,73 163,18
B->A,76 226,18
B->A,82 142,18
B->A,85 211,18
B->A,85 91,18
B->A,93 97,18
B->A,97 115,18
B->A,97 133,18
B->A,97 187,18
C->A,100 142,18
C->A,102 130,18
C->A,102 164,18
C->A,102 226,18
C->A,105 193,18
C->A,106 228,18
C->A,116 118,18
C->A,121 169,18
C->A,123 233,18
C->A,129 145,18
C->A,129 153,18
C->A,129 205,18
C->A,131 137,18
C->A,131 149,18
C->A,137 171,18
C->A,137 237,18
C->A,138 202,18
C->A,139 149,18
C->A,141 205,18
C->A,149 251,18
C->A,153 179,18
C->A,153 219,18
C->A,155 241,18
C->A,170 230,18
C->A,173 219,18
C->A,185 219,18
C->A,189 245,18
C->A,202 210,18
C->A,203 241,18
C->A,211 245,18
C->A,225 227,18
C->A,229 237,18
C->A,229 249,18
C->A,241 251,18
C->A,73 147,18
C->A,85 177,18
C->A,88 90,18
C->A,93 97,18
C->A,94 244,18
C->A,97 187,18
C->A,97 227,18
C->A,97 235,18
B->A,100 154,16
B->A,100 166,16
B->A,106 172,16
B->A,118 160,16
B->A,129 193,16
B->A,131 169,16
B->A,133 157,16
B->A,137 141,16
B->A,139 225,16
B->A,145 171,16
B->A,147 185,16
B->A,147 233,16
B->A,149 235,16
B->A,153 187,16
B->A,153 213,16
B->A,155 185,16
B->A,155 225,16
B->A,155 233,16
B->A,157 171,16
B->A,165 181,16
B->A,165 225,16
B->A,166 212,16
B->A,170 214,16
B->A,171 245,16
B->A,178 198,16
B->A,179 221,16
B->A,181 201,16
B->A,181 203,16
B->A,185 235,16
B->A,193 251,16
B->A,195 197,16
B->A,195 233,16
B->A,197 249,16
B->A,201 229,16
B->A,203 225,16
B->A,205 227,16
B->A,211 225,16
B->A,212 230,16
B->A,219 233,16
B->A,219 245,16
B->A,226 246,16
B->A,227 245,16
B->A,73 133,16
B->A,82 196,16
B->A,94 208,16
C->A,100 154,16
C->A,100 166,16
C->A,102 212,16
C->A,106 144,16
C->A,109 115,16
C->A,109 235,16
C->A,133 149,16
C->A,137 189,16
C->A,145 217,16
C->A,149 165,16
C->A,149 177,16
C->A,149 249,16
C->A,153 177,16
C->A,153 213,16
C->A,153 217,16
C->A,153 237,16
C->A,165 185,16
C->A,177 245,16
C->A,185 253,16
C->A,189 193,16
C->A,201 225,16
C->A,209 245,16
C->A,221 249,16
C->A,233 249,16
C->A,245 249,16
C->A,67 169,16
C->A,67 181,16
C->A,75 145,16
C->A,84 202,16
B->A,100 102,15
B->A,100 132,15
B->A,102 160,15
B->A,108 244,15
B->A,116 236,15
B->A,131 193,15
B->A,133 153,15
B->A,133 185,15
B->A,133 225,15
B->A,137 251,15
B->A,147 173,15
B->A,147 221,15
B->A,149 171,15
B->A,149 211,15
B->A,153 243,15
B->A,153 253,15
B->A,155 205,15
B->A,157 237,15
B->A,164 198,15
B->A,166 226,15
B->A,169 179,15
B->A,169 243,15
B->A,170 184,15
B->A,171 193,15
B->A,171 197,15
B->A,174 202,15
B->A,174 212,15
B->A,177 233,15
B->A,178 236,15
B->A,179 205,15
B->A,179 233,15
B->A,180 238,15
B->A,181 243,15
B->A,185 203,15
B->A,185 251,15
B->A,193 201,15
B->A,197 213,15
B->A,203 205,15
B->A,203 229,15
B->A,205 249,15
B->A,213 241,15
B->A,213 245,15
B->A,217 241,15
B->A,219 229,15
B->A,219 241,15
B->A,221 243,15
B->A,227 241,15
B->A,229 243,15
B->A,233 237,15
B->A,68 204,15
B->A,68 236,15
B->A,76 164,15
B->A,76 212,15
B->A,80 154,15
B->A,84 116,15
B->A,85 253,15
B->A,90 144,15
C->A,109 195,15
C->A,123 241,15
C->A,129 157,15
C->A,131 145,15
C->A,131 185,15
C->A,137 161,15
C->A,139 153,15
C->A,139 173,15
C->A,139 221,15
C->A,141 157,15
C->A,145 179,15
C->A,145 237,15
C->A,145 243,15
C->A,145 249,15
C->A,149 161,15
C->A,149 171,15
C->A,149 243,15
C->A,153 195,15
C->A,155 173,15
C->A,166 226,15
C->A,169 249,15
C->A,171 173,15
C->A,171 185,15
C->A,171 193,15
C->A,178 214,15
C->A,179 185,15
C->A,185 211,15
C->A,185 251,15
C->A,189 225,15
C->A,193 209,15
C->A,195 221,15
C->A,195 245,15
C->A,197 217,15
C->A,205 251,15
C->A,213 221,15
C->A,213 241,15
C->A,217 229,15
C->A,225 243,15
C->A,66 80,15
C->A,67 113,15
C->A,67 193,15
C->A,82 118,15
C->A,82 144,15
C->A,84 116,15
C->A,85 253,15
B->A,120 136,14
B->A,141 185,14
B->A,165 229,14
B->A,177 225,14
B->A,241 249,14
B->A,67 157,14
B->A,80 214,14
B->A,88 106,14
B->A,91 97,14
C->A,110 148,14
C->A,120 250,14
C->A,129 169,14
C->A,129 181,14
C->A,138 226,14
C->A,145 165,14
C->A,178 246,14
C->A,181 237,14
C->A,66 160,14
C->A,67 157,14
C->A,67 73,14
C->A,68 118,14
C->A,68 196,14
C->A,68 70,14
C->A,73 187,14
C->A,84 180,14
C->A,91 193,14
C->A,91 97,14
C->A,94 232,14
C->A,66 136,13
C->A,66 148,13
B->A,100 118,12
B->A,102 148,12
B->A,102 208,12
B->A,106 144,12
B->A,116 172,12
B->A,118 232,12
B->A,130 138,12
B->A,130 198,12
B->A,133 137,12
B->A,136 138,12
B->A,136 230,12
B->A,137 147,12
B->A,137 171,12
B->A,139 197,12
B->A,142 164,12
B->A,145 177,12
B->A,145 203,12
B->A,145 217,12
B->A,147 153,12
B->A,147 225,12
B->A,147 241,12
B->A,148 230,12
B->A,149 155,12
B->A,149 219,12
B->A,153 177,12
B->A,153 251,12
B->A,154 202,12
B->A,154 250,12
B->A,155 197,12
B->A,155 229,12
B->A,157 201,12
B->A,157 251,12
B->A,164 238,12
B->A,165 169,12
B->A,165 205,12
B->A,169 201,12
B->A,169 203,12
B->A,169 217,12
B->A,170 236,12
B->A,171 181,12
B->A,173 177,12
B->A,173 187,12
B->A,173 235,12
B->A,173 243,12
B->A,174 244,12
B->A,178 238,12
B->A,179 193,12
B->A,179 225,12
B->A,181 219,12
B->A,185 187,12
B->A,185 253,12
B->A,187 197,12
B->A,187 221,12
B->A,187 245,12
B->A,189 193,12
B->A,193 249,12
B->A,195 205,12
B->A,197 203,12
B->A,197 235,12
B->A,198 226,12
B->A,198 244,12
B->A,202 210,12
B->A,202 238,12
B->A,203 233,12
B->A,203 245,12
B->A,205 213,12
B->A,205 219,12
B->A,205 243,12
B->A,212 246,12
B->A,213 229,12
B->A,226 238,12
B->A,233 243,12
B->A,236 250,12
B->A,243 245,12
B->A,245 251,12
B->A,245 253,12
B->A,66 208,12
B->A,70 100,12
B->A,70 148,12
B->A,76 180,12
B->A,76 82,12
B->A,80 118,12
B->A,82 172,12
B->A,85 115,12
B->A,85 163,12
B->A,88 130,12
C->A,100 174,12
C->A,102 116,12
C->A,106 176,12
C->A,107 113,12
C->A,113 177,12
C->A,116 190,12
C->A,118 232,12
C->A,129 193,12
C->A,130 174,12
C->A,131 173,12
C->A,131 225,12
C->A,133 197,12
C->A,133 225,12
C->A,136 198,12
C->A,137 139,12
C->A,137 165,12
C->A,137 177,12
C->A,137 209,12
C->A,137 217,12
C->A,138 164,12
C->A,139 185,12
C->A,141 229,12
C->A,141 233,12
C->A,141 245,12
C->A,145 171,12
C->A,147 225,12
C->A,149 203,12
C->A,149 237,12
C->A,153 171,12
C->A,153 251,12
C->A,154 178,12
C->A,154 202,12
C->A,154 226,12
C->A,155 225,12
C->A,155 233,12
C->A,157 179,12
C->A,157 249,12
C->A,157 251,12
C->A,161 193,12
C->A,165 169,12
C->A,165 197,12
C->A,165 225,12
C->A,165 241,12
C->A,169 217,12
C->A,169 227,12
C->A,171 181,12
C->A,171 221,12
C->A,171 241,12
C->A,173 179,12
C->A,173 195,12
C->A,174 178,12
C->A,177 185,12
C->A,177 205,12
C->A,178 198,12
C->A,178 210,12
C->A,179 221,12
C->A,179 229,12
C->A,181 201,12
C->A,181 203,12
C->A,181 213,12
C->A,181 217,12
C->A,181 249,12
C->A,185 235,12
C->A,195 233,12
C->A,197 237,12
C->A,197 251,12
C->A,198 202,12
C->A,198 226,12
C->A,198 250,12
C->A,201 229,12
C->A,201 241,12
C->A,201 245,12
C->A,203 221,12
C->A,205 217,12
C->A,205 243,12
C->A,209 225,12
C->A,213 233,12
C->A,217 233,12
C->A,221 253,12
C->A,225 249,12
C->A,227 229,12
C->A,229 251,12
C->A,233 251,12
C->A,245 251,12
C->A,66 208,12
C->A,68 132,12
C->A,70 232,12
C->A,84 250,12
C->A,85 219,12
C->A,85 91,12
C->A,97 163,12
C->A,97 177,12
C->A,109 219,11
C->A,120 178,11
C->A,67 117,11
C->A,75 181,11
C->A,75 193,11
C->A,82 102,11
C->A,88 178,11
C->A,93 193,11
B->A,108 164,10
B->A,116 140,10
B->A,116 228,10
B->A,131 157,10
B->A,133 233,10
B->A,137 155,10
B->A,140 250,10
B->A,141 157,10
B->A,142 170,10
B->A,142 202,10
B->A,145 195,10
B->A,145 219,10
B->A,147 181,10
B->A,147 245,10
B->A,149 253,10
B->A,155 221,10
B->A,166 180,10
B->A,166 250,10
B->A,169 213,10
B->A,174 180,10
B->A,177 241,10
B->A,180 246,10
B->A,195 221,10
B->A,195 245,10
B->A,197 243,10
B->A,202 246,10
B->A,217 229,10
B->A,67 85,10
B->A,68 84,10
B->A,70 208,10
B->A,73 115,10
B->A,90 176,10
C->A,102 136,10
C->A,102 180,10
C->A,107 193,10
C->A,108 164,10
C->A,109 163,10
C->A,109 211,10
C->A,116 140,10
C->A,116 236,10
C->A,130 230,10
C->A,131 181,10
C->A,131 197,10
C->A,131 233,10
C->A,133 153,10
C->A,139 233,10
C->A,141 241,10
C->A,145 227,10
C->A,147 149,10
C->A,149 195,10
C->A,149 227,10
C->A,149 253,10
C->A,155 181,10
C->A,155 221,10
C->A,169 213,10
C->A,171 205,10
C->A,171 233,10
C->A,173 211,10
C->A,173 227,10
C->A,173 251,10
C->A,173 253,10
C->A,174 202,10
C->A,174 226,10
C->A,177 241,10
C->A,179 233,10
C->A,179 245,10
C->A,180 246,10
C->A,185 195,10
C->A,185 217,10
C->A,185 227,10
C->A,193 237,10
C->A,202 246,10
C->A,205 249,10
C->A,210 250,10
C->A,217 241,10
C->A,221 227,10
C->A,221 243,10
C->A,246 250,10
C->A,68 204,10
C->A,68 236,10
C->A,73 115,10
C->A,73 139,10
C->A,73 93,10
C->A,76 164,10
C->A,76 212,10
C->A,81 225,10
C->A,84 226,10
B->A,100 236,9
B->A,130 142,9
B->A,132 170,9
B->A,137 163,9
B->A,138 212,9
B->A,141 169,9
B->A,142 226,9
B->A,145 213,9
B->A,153 227,9
B->A,154 164,9
B->A,155 193,9
B->A,157 203,9
B->A,157 213,9
B->A,163 173,9
B->A,164 210,9
B->A,165 193,9
B->A,166 202,9
B->A,169 219,9
B->A,170 196,9
B->A,190 250,9
B->A,193 243,9
B->A,197 211,9
B->A,205 217,9
B->A,219 225,9
B->A,225 235,9
B->A,233 235,9
B->A,82 144,9
C->A,100 210,9
C->A,115 157,9
C->A,131 241,9
C->A,133 185,9
C->A,133 205,9
C->A,136 230,9
C->A,137 201,9
C->A,138 212,9
C->A,149 155,9
C->A,149 211,9
C->A,153 253,9
C->A,154 164,9
C->A,154 170,9
C->A,157 203,9
C->A,157 217,9
C->A,165 221,9
C->A,166 202,9
C->A,169 201,9
C->A,169 243,9
C->A,170 174,9
C->A,171 197,9
C->A,173 235,9
C->A,179 181,9
C->A,179 193,9
C->A,181 243,9
C->A,185 213,9
C->A,203 205,9
C->A,203 245,9
C->A,213 245,9
C->A,227 241,9
C->A,233 237,9
C->A,64 170,9
C->A,64 250,9
C->A,73 75,9
C->A,75 97,9
C->A,82 228,9
C->A,82 84,9
C->A,84 130,9
C->A,88 170,9
C->A,93 109,9
C->A,94 148,9
B->A,100 140,8
B->A,130 246,8
B->A,132 250,8
B->A,133 241,8
B->A,136 154,8
B->A,136 198,8
B->A,137 227,8
B->A,138 164,8
B->A,138 178,8
B->A,139 145,8
B->A,139 157,8
B->A,139 205,8
B->A,139 241,8
B->A,141 193,8
B->A,142 180,8
B->A,142 250,8
B->A,145 211,8
B->A,145 235,8
B->A,147 197,8
B->A,153 203,8
B->A,157 179,8
B->A,157 195,8
B->A,157 211,8
B->A,157 243,8
B->A,163 221,8
B->A,164 190,8
B->A,166 244,8
B->A,170 172,8
B->A,170 204,8
B->A,177 205,8
B->A,177 221,8
B->A,180 198,8
B->A,180 210,8
B->A,181 235,8
B->A,187 225,8
B->A,187 233,8
B->A,193 203,8
B->A,195 229,8
B->A,197 219,8
B->A,197 227,8
B->A,211 233,8
B->A,221 235,8
B->A,228 250,8
B->A,233 253,8
B->A,235 241,8
B->A,238 250,8
B->A,67 109,8
B->A,76 106,8
B->A,80 102,8
B->A,88 136,8
C->A,100 238,8
C->A,106 120,8
C->A,109 123,8
C->A,116 172,8
C->A,130 138,8
C->A,130 154,8
C->A,130 238,8
C->A,130 246,8
C->A,131 221,8
C->A,131 245,8
C->A,133 169,8
C->A,133 173,8
C->A,137 211,8
C->A,137 227,8
C->A,138 178,8
C->A,139 157,8
C->A,139 197,8
C->A,142 250,8
C->A,145 177,8
C->A,147 153,8
C->A,147 185,8
C->A,147 233,8
C->A,149 179,8
C->A,149 187,8
C->A,149 219,8
C->A,153 211,8
C->A,155 157,8
C->A,157 201,8
C->A,157 211,8
C->A,164 238,8
C->A,165 181,8
C->A,165 205,8
C->A,166 212,8
C->A,169 171,8
C->A,169 203,8
C->A,169 251,8
C->A,170 198,8
C->A,170 214,8
C->A,170 238,8
C->A,170 246,8
C->A,171 245,8
C->A,173 243,8
C->A,177 221,8
C->A,177 225,8
C->A,178 190,8
C->A,180 198,8
C->A,180 210,8
C->A,181 251,8
C->A,187 221,8
C->A,187 225,8
C->A,193 251,8
C->A,197 227,8
C->A,198 244,8
C->A,202 230,8
C->A,202 238,8
C->A,211 229,8
C->A,212 230,8
C->A,217 245,8
C->A,219 221,8
C->A,219 245,8
C->A,226 246,8
C->A,229 253,8
C->A,66 232,8
C->A,68 228,8
C->A,68 76,8
C->A,75 85,8
C->A,76 116,8
C->A,76 180,8
C->A,85 163,8
C->A,88 136,8
C->A,91 109,8
B->A,85 121,7
C->A,100 228,7
C->A,113 163,7
C->A,120 136,7
C->A,174 250,7
C->A,67 205,7
C->A,84 244,7
C->A,85 123,7
C->A,88 226,7
C->A,94 100,7
B->A,100 196,6
B->A,108 180,6
B->A,108 212,6
B->A,120 232,6
B->A,130 140,6
B->A,132 226,6
B->A,133 145,6
B->A,133 181,6
B->A,133 229,6
B->A,136 174,6
B->A,137 177,6
B->A,137 187,6
B->A,137 203,6
B->A,137 243,6
B->A,138 180,6
B->A,138 244,6
B->A,139 229,6
B->A,140 170,6
B->A,140 178,6
B->A,140 226,6
B->A,142 178,6
B->A,142 212,6
B->A,145 147,6
B->A,145 163,6
B->A,147 193,6
B->A,148 166,6
B->A,148 174,6
B->A,149 163,6
B->A,153 163,6
B->A,154 178,6
B->A,154 180,6
B->A,157 177,6
B->A,157 253,6
B->A,160 230,6
B->A,163 185,6
B->A,164 228,6
B->A,169 195,6
B->A,170 228,6
B->A,177 181,6
B->A,177 185,6
B->A,180 214,6
B->A,181 187,6
B->A,184 250,6
B->A,185 243,6
B->A,193 195,6
B->A,193 227,6
B->A,198 208,6
B->A,202 214,6
B->A,202 228,6
B->A,204 250,6
B->A,205 211,6
B->A,210 212,6
B->A,210 226,6
B->A,211 241,6
B->A,212 214,6
B->A,214 226,6
B->A,214 244,6
B->A,225 253,6
B->A,235 245,6
B->A,66 80,6
B->A,67 97,6
B->A,68 140,6
B->A,68 172,6
B->A,70 232,6
B->A,80 184,6
B->A,82 176,6
B->A,85 235,6
C->A,100 236,6
C->A,102 106,6
C->A,106 184,6
C->A,129 241,6
C->A,130 198,6
C->A,131 157,6
C->A,131 229,6
C->A,132 170,6
C->A,133 145,6
C->A,133 229,6
C->A,137 141,6
C->A,137 203,6
C->A,137 251,6
C->A,139 193,6
C->A,139 229,6
C->A,141 169,6
C->A,141 181,6
C->A,141 193,6
C->A,141 221,6
C->A,142 164,6
C->A,142 170,6
C->A,142 178,6
C->A,145 201,6
C->A,145 203,6
C->A,145 213,6
C->A,145 251,6
C->A,147 221,6
C->A,148 166,6
C->A,153 189,6
C->A,153 227,6
C->A,154 180,6
C->A,154 212,6
C->A,155 193,6
C->A,155 197,6
C->A,155 205,6
C->A,155 229,6
C->A,157 165,6
C->A,157 219,6
C->A,169 195,6
C->A,170 228,6
C->A,173 177,6
C->A,173 187,6
C->A,177 181,6
C->A,177 233,6
C->A,179 197,6
C->A,179 205,6
C->A,179 225,6
C->A,179 241,6
C->A,181 195,6
C->A,181 219,6
C->A,185 187,6
C->A,185 203,6
C->A,185 243,6
C->A,187 241,6
C->A,187 245,6
C->A,190 250,6
C->A,193 213,6
C->A,195 225,6
C->A,195 241,6
C->A,196 250,6
C->A,197 211,6
C->A,197 219,6
C->A,201 205,6
C->A,203 229,6
C->A,205 213,6
C->A,210 226,6
C->A,211 233,6
C->A,212 246,6
C->A,219 225,6
C->A,225 235,6
C->A,229 243,6
C->A,243 245,6
C->A,66 100,6
C->A,68 102,6
C->A,68 140,6
C->A,70 100,6
C->A,82 176,6
C->A,84 106,6
C->A,97 105,6
C->A,97 115,6
C->A,97 123,6
B->A,100 204,5
B->A,116 204,5
B->A,130 236,5
B->A,133 245,5
B->A,137 179,5
B->A,138 232,5
B->A,141 225,5
B->A,147 169,5
B->A,147 205,5
B->A,163 245,5
B->A,178 214,5
B->A,193 237,5
B->A,212 238,5
B->A,225 251,5
B->A,244 246,5
B->A,67 193,5
B->A,80 138,5
B->A,80 210,5
B->A,84 100,5
B->A,84 148,5
C->A,100 132,5
C->A,100 214,5
C->A,108 244,5
C->A,116 204,5
C->A,131 193,5
C->A,131 205,5
C->A,137 195,5
C->A,139 245,5
C->A,145 155,5
C->A,145 195,5
C->A,147 169,5
C->A,147 181,5
C->A,147 205,5
C->A,153 155,5
C->A,153 235,5
C->A,155 245,5
C->A,157 227,5
C->A,157 237,5
C->A,164 174,5
C->A,165 233,5
C->A,166 178,5
C->A,166 250,5
C->A,169 237,5
C->A,171 225,5
C->A,171 229,5
C->A,173 203,5
C->A,180 230,5
C->A,181 227,5
C->A,193 201,5
C->A,219 229,5
C->A,219 241,5
C->A,230 244,5
C->A,241 243,5
C->A,244 246,5
C->A,67 85,5
C->A,97 253,5
B->A,100 108,4
B->A,102 232,4
B->A,130 154,4
B->A,130 166,4
B->A,130 184,4
B->A,130 210,4
B->A,130 228,4
B->A,130 238,4
B->A,132 180,4
B->A,133 169,4
B->A,136 210,4
B->A,136 246,4
B->A,138 148,4
B->A,139 169,4
B->A,140 202,4
B->A,142 160,4
B->A,147 229,4
B->A,148 210,4
B->A,154 212,4
B->A,155 169,4
B->A,160 166,4
B->A,160 246,4
B->A,163 197,4
B->A,166 208,4
B->A,169 187,4
B->A,172 178,4
B->A,172 250,4
B->A,177 229,4
B->A,178 190,4
B->A,178 204,4
B->A,180 190,4
B->A,180 196,4
B->A,181 211,4
B->A,181 217,4
B->A,187 193,4
B->A,187 205,4
B->A,196 212,4
B->A,197 253,4
B->A,198 212,4
B->A,198 232,4
B->A,202 236,4
B->A,208 230,4
B->A,210 244,4
B->A,211 221,4
B->A,211 229,4
B->A,226 236,4
B->A,229 235,4
B->A,230 232,4
B->A,232 246,4
B->A,241 253,4
B->A,64 90,4
B->A,68 108,4
B->A,68 76,4
B->A,76 116,4
B->A,82 88,4
C->A,100 108,4
C->A,100 118,4
C->A,100 140,4
C->A,100 190,4
C->A,102 148,4
C->A,130 144,4
C->A,130 166,4
C->A,130 190,4
C->A,130 210,4
C->A,131 153,4
C->A,131 169,4
C->A,132 250,4
C->A,133 137,4
C->A,133 157,4
C->A,133 233,4
C->A,136 138,4
C->A,136 154,4
C->A,136 246,4
C->A,137 147,4
C->A,137 219,4
C->A,138 180,4
C->A,139 145,4
C->A,139 225,4
C->A,139 241,4
C->A,141 149,4
C->A,141 225,4
C->A,144 170,4
C->A,144 178,4
C->A,144 226,4
C->A,144 250,4
C->A,145 187,4
C->A,145 211,4
C->A,147 197,4
C->A,147 245,4
C->A,148 230,4
C->A,149 235,4
C->A,153 163,4
C->A,153 187,4
C->A,153 203,4
C->A,155 185,4
C->A,157 171,4
C->A,157 195,4
C->A,157 243,4
C->A,163 197,4
C->A,164 166,4
C->A,164 190,4
C->A,164 230,4
C->A,166 180,4
C->A,166 244,4
C->A,169 187,4
C->A,173 213,4
C->A,177 229,4
C->A,178 196,4
C->A,178 238,4
C->A,181 211,4
C->A,181 235,4
C->A,184 202,4
C->A,187 233,4
C->A,193 249,4
C->A,195 197,4
C->A,197 203,4
C->A,197 243,4
C->A,197 249,4
C->A,198 232,4
C->A,203 225,4
C->A,203 233,4
C->A,205 219,4
C->A,205 227,4
C->A,210 212,4
C->A,210 244,4
C->A,211 225,4
C->A,213 229,4
C->A,219 233,4
C->A,221 235,4
C->A,221 251,4
C->A,225 253,4
C->A,226 238,4
C->A,227 233,4
C->A,227 245,4
C->A,228 250,4
C->A,230 232,4
C->A,233 253,4
C->A,238 250,4
C->A,245 253,4
C->A,64 106,4
C->A,64 90,4
C->A,68 108,4
C->A,70 148,4
C->A,76 244,4
C->A,82 88,4
C->A,88 232,4
C->A,90 192,4
B->A,100 172,3
B->A,106 176,3
B->A,108 116,3
B->A,108 148,3
B->A,132 164,3
B->A,132 178,3
B->A,132 202,3
B->A,133 205,3
B->A,136 238,3
B->A,137 253,3
B->A,139 181,3
B->A,139 193,3
B->A,147 157,3
B->A,148 246,3
B->A,154 226,3
B->A,157 187,3
B->A,160 198,3
B->A,163 229,3
B->A,163 233,3
B->A,163 241,3
B->A,164 196,3
B->A,166 232,3
B->A,169 211,3
B->A,174 232,3
B->A,178 184,3
B->A,178 228,3
B->A,187 229,3
B->A,187 241,3
B->A,190 226,3
B->A,193 213,3
B->A,193 217,3
B->A,193 219,3
B->A,196 226,3
B->A,196 250,3
B->A,214 250,3
B->A,64 170,3
B->A,64 202,3
B->A,76 148,3
B->A,80 120,3
B->A,88 208,3
B->A,97 163,3
C->A,100 196,3
C->A,108 116,3
C->A,108 148,3
C->A,108 180,3
C->A,132 178,3
C->A,132 226,3
C->A,133 245,3
C->A,136 174,3
C->A,136 214,3
C->A,136 238,3
C->A,137 163,3
C->A,137 179,3
C->A,137 243,3
C->A,138 244,3
C->A,139 181,3
C->A,142 226,3
C->A,145 147,3
C->A,145 163,3
C->A,147 173,3
C->A,147 193,3
C->A,148 246,3
C->A,154 244,3
C->A,155 169,3
C->A,157 177,3
C->A,157 213,3
C->A,157 253,3
C->A,163 173,3
C->A,163 185,3
C->A,163 229,3
C->A,163 233,3
C->A,164 198,3
C->A,164 246,3
C->A,169 179,3
C->A,169 219,3
C->A,170 196,3
C->A,174 212,3
C->A,174 232,3
C->A,178 184,3
C->A,180 214,3
C->A,180 238,3
C->A,181 187,3
C->A,187 197,3
C->A,193 195,3
C->A,193 217,3
C->A,193 219,3
C->A,193 227,3
C->A,193 243,3
C->A,197 235,3
C->A,202 228,3
C->A,205 211,3
C->A,205 235,3
C->A,208 210,3
C->A,212 214,3
C->A,214 244,3
C->A,214 250,3
C->A,225 251,3
C->A,233 235,3
C->A,233 243,3
C->A,64 202,3
C->A,68 172,3
C->A,76 100,3
C->A,80 120,3
B->A,106 192,2
B->A,120 208,2
B->A,130 132,2
B->A,130 190,2
B->A,130 204,2
B->A,132 212,2
B->A,132 244,2
B->A,136 166,2
B->A,137 235,2
B->A,138 160,2
B->A,138 208,2
B->A,140 164,2
B->A,140 212,2
B->A,140 244,2
B->A,142 148,2
B->A,144 170,2
B->A,144 178,2
B->A,144 250,2
B->A,145 187,2
B->A,148 154,2
B->A,160 214,2
B->A,163 181,2
B->A,163 205,2
B->A,164 172,2
B->A,164 204,2
B->A,164 236,2
B->A,169 177,2
B->A,169 253,2
B->A,172 180,2
B->A,172 226,2
B->A,174 208,2
B->A,177 193,2
B->A,177 197,2
B->A,178 196,2
B->A,180 204,2
B->A,180 236,2
B->A,190 202,2
B->A,190 212,2
B->A,193 235,2
B->A,196 202,2
B->A,202 204,2
B->A,204 226,2
B->A,208 238,2
B->A,212 228,2
B->A,212 236,2
B->A,226 228,2
B->A,228 244,2
B->A,229 253,2
B->A,236 244,2
B->A,238 244,2
B->A,80 144,2
B->A,80 88,2
B->A,90 192,2
C->A,106 192,2
C->A,130 132,2
C->A,130 228,2
C->A,132 180,2
C->A,132 244,2
C->A,136 210,2
C->A,137 155,2
C->A,137 187,2
C->A,137 235,2
C->A,138 160,2
C->A,142 212,2
C->A,144 202,2
C->A,145 253,2
C->A,147 229,2
C->A,149 163,2
C->A,163 181,2
C->A,163 221,2
C->A,169 253,2
C->A,170 176,2
C->A,174 180,2
C->A,176 202,2
C->A,176 250,2
C->A,177 193,2
C->A,177 197,2
C->A,187 205,2
C->A,193 235,2
C->A,196 212,2
C->A,197 253,2
C->A,198 212,2
C->A,202 214,2
C->A,205 253,2
C->A,211 221,2
C->A,212 228,2
C->A,214 226,2
C->A,228 244,2
C->A,229 235,2
C->A,232 238,2
C->A,235 245,2
C->A,241 253,2
C->A,64 130,2
C->A,64 82,2
C->A,80 144,2
C->A,80 176,2
C->A,80 184,2
C->A,80 88,2
C->A,88 160,2
B->A,132 148,1
B->A,136 142,1
B->A,136 144,1
B->A,140 180,1
B->A,142 244,1
B->A,144 202,1
B->A,144 208,1
B->A,148 190,1
B->A,148 198,1
B->A,148 204,1
B->A,148 236,1
B->A,157 163,1
B->A,160 190,1
B->A,160 238,1
B->A,163 169,1
B->A,163 193,1
B->A,169 235,1
B->A,176 178,1
B->A,180 228,1
B->A,184 226,1
B->A,190 244,1
B->A,196 244,1
B->A,204 212,1
B->A,204 244,1
B->A,205 253,1
B->A,208 214,1
B->A,214 232,1
C->A,132 148,1
C->A,136 142,1
C->A,136 166,1
C->A,136 184,1
C->A,137 253,1
C->A,148 190,1
C->A,148 198,1
C->A,154 208,1
C->A,163 169,1
C->A,163 245,1
C->A,164 196,1
C->A,170 192,1
C->A,176 178,1
C->A,192 250,1
C->A,196 202,1
C->A,196 244,1
C->A,212 238,1
C->A,214 232,1
C->A,238 244,1
C->A,64 160,1
C->A,64 178,1
