support,residual_shells,mode_count,triad_count,selected_family_signatures,effective_ordered_triad_count,selected_family_effective_triad_count,coarse_cauchy_c1_one_residual_slot,coarse_cauchy_c2_two_residual_slots,coarse_cauchy_c3_three_residual_slots,coarse_cauchy_at_delta_0p01,coarse_cauchy_at_delta_0p05,coarse_cauchy_at_delta_0p10,by_residual_slots
8 26 30,30,66,1584,['A->D->B:96'],576,96,153.908762741836,36.06145976772505,0.0,15.75149087186085,36.218118570749475,52.27637018903884,"[{'residual_slots': 0, 'triad_count': 144, 'coarse_cauchy_coefficient_sum': 20.14485500374335}, {'residual_slots': 1, 'triad_count': 1152, 'coarse_cauchy_coefficient_sum': 153.908762741836}, {'residual_slots': 2, 'triad_count': 288, 'coarse_cauchy_coefficient_sum': 36.06145976772505}, {'residual_slots': 3, 'triad_count': 0, 'coarse_cauchy_coefficient_sum': 0.0}]"
17 29 30,30,84,1728,['C->C->B:384'],1152,384,150.70207057837885,0.0,0.0,15.070207057837886,33.69800741632262,47.656179113112586,"[{'residual_slots': 0, 'triad_count': 0, 'coarse_cauchy_coefficient_sum': 0.0}, {'residual_slots': 1, 'triad_count': 1728, 'coarse_cauchy_coefficient_sum': 150.70207057837885}, {'residual_slots': 2, 'triad_count': 0, 'coarse_cauchy_coefficient_sum': 0.0}, {'residual_slots': 3, 'triad_count': 0, 'coarse_cauchy_coefficient_sum': 0.0}]"
8 14 30,30,54,1008,['A->D->B:48'],288,48,115.59956913949485,0.0,0.0,11.559956913949485,25.848849476559735,36.55579350149146,"[{'residual_slots': 0, 'triad_count': 144, 'coarse_cauchy_coefficient_sum': 18.472827609304527}, {'residual_slots': 1, 'triad_count': 864, 'coarse_cauchy_coefficient_sum': 115.59956913949485}, {'residual_slots': 2, 'triad_count': 0, 'coarse_cauchy_coefficient_sum': 0.0}, {'residual_slots': 3, 'triad_count': 0, 'coarse_cauchy_coefficient_sum': 0.0}]"
9 20 29,9,63,1296,['C->C->B:288'],864,288,111.12812535477421,17.88432786881011,0.0,11.291655814165523,25.74322064397981,36.930231609460385,"[{'residual_slots': 0, 'triad_count': 288, 'coarse_cauchy_coefficient_sum': 34.33274110396114}, {'residual_slots': 1, 'triad_count': 864, 'coarse_cauchy_coefficient_sum': 111.12812535477421}, {'residual_slots': 2, 'triad_count': 144, 'coarse_cauchy_coefficient_sum': 17.88432786881011}, {'residual_slots': 3, 'triad_count': 0, 'coarse_cauchy_coefficient_sum': 0.0}]"
14 18 30,30,66,1584,['A->D->B:48'],288,48,85.34272604278489,27.808428752833247,0.0,8.812356891806822,20.473635119322527,29.768582477580203,"[{'residual_slots': 0, 'triad_count': 432, 'coarse_cauchy_coefficient_sum': 41.03529245690362}, {'residual_slots': 1, 'triad_count': 864, 'coarse_cauchy_coefficient_sum': 85.34272604278489}, {'residual_slots': 2, 'triad_count': 288, 'coarse_cauchy_coefficient_sum': 27.808428752833247}, {'residual_slots': 3, 'triad_count': 0, 'coarse_cauchy_coefficient_sum': 0.0}]"
17 24 29,24,72,864,['A->C->C:192'],576,192,75.2423333611476,0.0,0.0,7.524233336114761,16.824697218122626,23.793714988689903,"[{'residual_slots': 0, 'triad_count': 0, 'coarse_cauchy_coefficient_sum': 0.0}, {'residual_slots': 1, 'triad_count': 864, 'coarse_cauchy_coefficient_sum': 75.2423333611476}, {'residual_slots': 2, 'triad_count': 0, 'coarse_cauchy_coefficient_sum': 0.0}, {'residual_slots': 3, 'triad_count': 0, 'coarse_cauchy_coefficient_sum': 0.0}]"
9 10 29,9,63,1152,['C->C->B:192'],576,192,75.18044894593514,33.97253067098258,0.0,7.857770201303341,18.509485975755467,27.171398485414265,"[{'residual_slots': 0, 'triad_count': 288, 'coarse_cauchy_coefficient_sum': 37.223898213351575}, {'residual_slots': 1, 'triad_count': 576, 'coarse_cauchy_coefficient_sum': 75.18044894593514}, {'residual_slots': 2, 'triad_count': 288, 'coarse_cauchy_coefficient_sum': 33.97253067098258}, {'residual_slots': 3, 'triad_count': 0, 'coarse_cauchy_coefficient_sum': 0.0}]"
17 22 29,22,72,864,['C->C->B:96'],288,96,74.82410465754526,0.0,0.0,7.482410465754526,16.731178436982983,23.66145946006562,"[{'residual_slots': 0, 'triad_count': 0, 'coarse_cauchy_coefficient_sum': 0.0}, {'residual_slots': 1, 'triad_count': 864, 'coarse_cauchy_coefficient_sum': 74.82410465754526}, {'residual_slots': 2, 'triad_count': 0, 'coarse_cauchy_coefficient_sum': 0.0}, {'residual_slots': 3, 'triad_count': 0, 'coarse_cauchy_coefficient_sum': 0.0}]"
18 26 30,30,78,1872,['A->D->B:48'],288,48,72.50040029608745,48.56570212230158,0.0,7.735697050831761,18.63986745191482,27.783209833188387,"[{'residual_slots': 0, 'triad_count': 432, 'coarse_cauchy_coefficient_sum': 36.40680863391002}, {'residual_slots': 1, 'triad_count': 864, 'coarse_cauchy_coefficient_sum': 72.50040029608745}, {'residual_slots': 2, 'triad_count': 576, 'coarse_cauchy_coefficient_sum': 48.56570212230158}, {'residual_slots': 3, 'triad_count': 0, 'coarse_cauchy_coefficient_sum': 0.0}]"
10 19 29,19,60,864,['C->C->B:192'],576,192,69.1096205932236,0.0,0.0,6.91096205932236,15.45338095456673,21.854380930466355,"[{'residual_slots': 0, 'triad_count': 288, 'coarse_cauchy_coefficient_sum': 35.313690523339126}, {'residual_slots': 1, 'triad_count': 576, 'coarse_cauchy_coefficient_sum': 69.1096205932236}, {'residual_slots': 2, 'triad_count': 0, 'coarse_cauchy_coefficient_sum': 0.0}, {'residual_slots': 3, 'triad_count': 0, 'coarse_cauchy_coefficient_sum': 0.0}]"
10 17 19,19,48,576,['C->C->B:192'],576,192,66.3068948533484,0.0,0.0,6.63068948533484,14.826672426901796,20.968081230987732,"[{'residual_slots': 0, 'triad_count': 0, 'coarse_cauchy_coefficient_sum': 0.0}, {'residual_slots': 1, 'triad_count': 576, 'coarse_cauchy_coefficient_sum': 66.3068948533484}, {'residual_slots': 2, 'triad_count': 0, 'coarse_cauchy_coefficient_sum': 0.0}, {'residual_slots': 3, 'triad_count': 0, 'coarse_cauchy_coefficient_sum': 0.0}]"
13 17 26,13,72,1296,['A->C->C:192'],576,192,58.219570728932375,14.691390775370506,0.0,5.968870980646942,13.752861315843502,19.879783867606626,"[{'residual_slots': 0, 'triad_count': 576, 'coarse_cauchy_coefficient_sum': 57.334343594418996}, {'residual_slots': 1, 'triad_count': 576, 'coarse_cauchy_coefficient_sum': 58.219570728932375}, {'residual_slots': 2, 'triad_count': 144, 'coarse_cauchy_coefficient_sum': 14.691390775370506}, {'residual_slots': 3, 'triad_count': 0, 'coarse_cauchy_coefficient_sum': 0.0}]"
13 29 30,13 30,72,1152,['C->C->B:192'],576,192,56.48685663147585,59.68947097251028,0.0,6.245580372872688,15.615318674951993,23.831659579136044,"[{'residual_slots': 0, 'triad_count': 0, 'coarse_cauchy_coefficient_sum': 0.0}, {'residual_slots': 1, 'triad_count': 576, 'coarse_cauchy_coefficient_sum': 56.48685663147585}, {'residual_slots': 2, 'triad_count': 576, 'coarse_cauchy_coefficient_sum': 59.68947097251028}, {'residual_slots': 3, 'triad_count': 0, 'coarse_cauchy_coefficient_sum': 0.0}]"
9 17 20,9,51,576,['C->C->B:144'],432,144,53.20368603620939,17.88432786881011,0.0,5.49921188230904,12.790922256492559,18.61291556597274,"[{'residual_slots': 0, 'triad_count': 0, 'coarse_cauchy_coefficient_sum': 0.0}, {'residual_slots': 1, 'triad_count': 432, 'coarse_cauchy_coefficient_sum': 53.20368603620939}, {'residual_slots': 2, 'triad_count': 144, 'coarse_cauchy_coefficient_sum': 17.88432786881011}, {'residual_slots': 3, 'triad_count': 0, 'coarse_cauchy_coefficient_sum': 0.0}]"
10 20 22,22,36,576,['C->C->B:96'],288,96,50.65215009050084,0.0,0.0,5.0652150090500845,11.3261650808882,16.017616267068657,"[{'residual_slots': 0, 'triad_count': 144, 'coarse_cauchy_coefficient_sum': 16.75076272260565}, {'residual_slots': 1, 'triad_count': 432, 'coarse_cauchy_coefficient_sum': 50.65215009050084}, {'residual_slots': 2, 'triad_count': 0, 'coarse_cauchy_coefficient_sum': 0.0}, {'residual_slots': 3, 'triad_count': 0, 'coarse_cauchy_coefficient_sum': 0.0}]"
17 22 25,22,51,576,['C->C->B:96'],288,96,49.767429435370126,0.0,0.0,4.976742943537013,11.128335528291158,15.737843030747717,"[{'residual_slots': 0, 'triad_count': 0, 'coarse_cauchy_coefficient_sum': 0.0}, {'residual_slots': 1, 'triad_count': 576, 'coarse_cauchy_coefficient_sum': 49.767429435370126}, {'residual_slots': 2, 'triad_count': 0, 'coarse_cauchy_coefficient_sum': 0.0}, {'residual_slots': 3, 'triad_count': 0, 'coarse_cauchy_coefficient_sum': 0.0}]"
12 17 25,12,43,432,['C->C->B:48'],144,48,44.888187614179586,0.0,0.0,4.488818761417959,10.037303889206965,14.194891289776704,"[{'residual_slots': 0, 'triad_count': 0, 'coarse_cauchy_coefficient_sum': 0.0}, {'residual_slots': 1, 'triad_count': 432, 'coarse_cauchy_coefficient_sum': 44.888187614179586}, {'residual_slots': 2, 'triad_count': 0, 'coarse_cauchy_coefficient_sum': 0.0}, {'residual_slots': 3, 'triad_count': 0, 'coarse_cauchy_coefficient_sum': 0.0}]"
13 25 26,13,63,864,['A->C->C:144'],432,144,43.98186032366904,14.691390775370506,0.0,4.5450999401206085,10.569212484831013,15.377424512955512,"[{'residual_slots': 0, 'triad_count': 288, 'coarse_cauchy_coefficient_sum': 28.244343717402124}, {'residual_slots': 1, 'triad_count': 432, 'coarse_cauchy_coefficient_sum': 43.98186032366904}, {'residual_slots': 2, 'triad_count': 144, 'coarse_cauchy_coefficient_sum': 14.691390775370506}, {'residual_slots': 3, 'triad_count': 0, 'coarse_cauchy_coefficient_sum': 0.0}]"
24 25 29,24,63,576,['A->C->C:192'],576,192,41.67235324588461,0.0,0.0,4.167235324588461,9.3182214640182,13.177955171610614,"[{'residual_slots': 0, 'triad_count': 0, 'coarse_cauchy_coefficient_sum': 0.0}, {'residual_slots': 1, 'triad_count': 576, 'coarse_cauchy_coefficient_sum': 41.67235324588461}, {'residual_slots': 2, 'triad_count': 0, 'coarse_cauchy_coefficient_sum': 0.0}, {'residual_slots': 3, 'triad_count': 0, 'coarse_cauchy_coefficient_sum': 0.0}]"
14 18 22,22,54,864,['A->D->B:48'],288,48,41.21590168519515,0.0,0.0,4.121590168519515,9.216155792204448,13.033612514278888,"[{'residual_slots': 0, 'triad_count': 432, 'coarse_cauchy_coefficient_sum': 41.03529245690362}, {'residual_slots': 1, 'triad_count': 432, 'coarse_cauchy_coefficient_sum': 41.21590168519515}, {'residual_slots': 2, 'triad_count': 0, 'coarse_cauchy_coefficient_sum': 0.0}, {'residual_slots': 3, 'triad_count': 0, 'coarse_cauchy_coefficient_sum': 0.0}]"
8 22 26,22,54,720,['A->D->B:48'],288,48,39.75475045384474,36.08376988820409,0.0,4.3363127442665155,10.693620938743951,16.179932913396605,"[{'residual_slots': 0, 'triad_count': 144, 'coarse_cauchy_coefficient_sum': 20.14485500374335}, {'residual_slots': 1, 'triad_count': 288, 'coarse_cauchy_coefficient_sum': 39.75475045384474}, {'residual_slots': 2, 'triad_count': 288, 'coarse_cauchy_coefficient_sum': 36.08376988820409}, {'residual_slots': 3, 'triad_count': 0, 'coarse_cauchy_coefficient_sum': 0.0}]"
8 16 24,24,21,648,['A->D->B:24'],144,24,39.272295078463415,38.10385517446684,0.0,4.3082680595910094,10.686744901510805,16.22937565646323,"[{'residual_slots': 0, 'triad_count': 72, 'coarse_cauchy_coefficient_sum': 9.363961030678922}, {'residual_slots': 1, 'triad_count': 288, 'coarse_cauchy_coefficient_sum': 39.272295078463415}, {'residual_slots': 2, 'triad_count': 288, 'coarse_cauchy_coefficient_sum': 38.10385517446684}, {'residual_slots': 3, 'triad_count': 0, 'coarse_cauchy_coefficient_sum': 0.0}]"
29 29 30,30,60,576,['C->C->B:192'],576,192,37.8198746498422,0.0,0.0,3.78198746498422,8.456781061756821,11.959694471556439,"[{'residual_slots': 0, 'triad_count': 0, 'coarse_cauchy_coefficient_sum': 0.0}, {'residual_slots': 1, 'triad_count': 576, 'coarse_cauchy_coefficient_sum': 37.8198746498422}, {'residual_slots': 2, 'triad_count': 0, 'coarse_cauchy_coefficient_sum': 0.0}, {'residual_slots': 3, 'triad_count': 0, 'coarse_cauchy_coefficient_sum': 0.0}]"
18 22 26,22,66,1152,['A->D->B:48'],288,48,36.24413121818545,24.055846592136106,0.0,3.8649715877399062,9.3072264485353,13.866985305561531,"[{'residual_slots': 0, 'triad_count': 432, 'coarse_cauchy_coefficient_sum': 36.40680863391002}, {'residual_slots': 1, 'triad_count': 432, 'coarse_cauchy_coefficient_sum': 36.24413121818545}, {'residual_slots': 2, 'triad_count': 288, 'coarse_cauchy_coefficient_sum': 24.055846592136106}, {'residual_slots': 3, 'triad_count': 0, 'coarse_cauchy_coefficient_sum': 0.0}]"
10 11 29,11,60,576,['C->C->B:96'],288,96,35.05439228005999,0.0,0.0,3.5054392280059994,7.838400404815799,11.085172159801262,"[{'residual_slots': 0, 'triad_count': 288, 'coarse_cauchy_coefficient_sum': 35.313690523339126}, {'residual_slots': 1, 'triad_count': 288, 'coarse_cauchy_coefficient_sum': 35.05439228005999}, {'residual_slots': 2, 'triad_count': 0, 'coarse_cauchy_coefficient_sum': 0.0}, {'residual_slots': 3, 'triad_count': 0, 'coarse_cauchy_coefficient_sum': 0.0}]"
9 10 17,9,51,576,['C->C->B:96'],288,96,34.93422437808691,33.97253067098258,0.0,3.8331477445185174,9.510156578612394,14.444424799711642,"[{'residual_slots': 0, 'triad_count': 0, 'coarse_cauchy_coefficient_sum': 0.0}, {'residual_slots': 1, 'triad_count': 288, 'coarse_cauchy_coefficient_sum': 34.93422437808691}, {'residual_slots': 2, 'triad_count': 288, 'coarse_cauchy_coefficient_sum': 33.97253067098258}, {'residual_slots': 3, 'triad_count': 0, 'coarse_cauchy_coefficient_sum': 0.0}]"
10 13 27,13,40,288,['C->C->B:96'],288,96,34.367598041989005,0.0,0.0,3.4367598041989007,7.684828544527608,10.867988752182837,"[{'residual_slots': 0, 'triad_count': 0, 'coarse_cauchy_coefficient_sum': 0.0}, {'residual_slots': 1, 'triad_count': 288, 'coarse_cauchy_coefficient_sum': 34.367598041989005}, {'residual_slots': 2, 'triad_count': 0, 'coarse_cauchy_coefficient_sum': 0.0}, {'residual_slots': 3, 'triad_count': 0, 'coarse_cauchy_coefficient_sum': 0.0}]"
10 11 25,11,39,432,['C->C->B:96'],288,96,34.27488365162163,0.0,0.0,3.427488365162163,7.664096976592218,10.838669887639348,"[{'residual_slots': 0, 'triad_count': 144, 'coarse_cauchy_coefficient_sum': 17.245957069933496}, {'residual_slots': 1, 'triad_count': 288, 'coarse_cauchy_coefficient_sum': 34.27488365162163}, {'residual_slots': 2, 'triad_count': 0, 'coarse_cauchy_coefficient_sum': 0.0}, {'residual_slots': 3, 'triad_count': 0, 'coarse_cauchy_coefficient_sum': 0.0}]"
10 11 17,11,48,288,['C->C->B:96'],288,96,32.846799416375134,0.0,0.0,3.2846799416375134,7.3447676338315215,10.387070000243485,"[{'residual_slots': 0, 'triad_count': 0, 'coarse_cauchy_coefficient_sum': 0.0}, {'residual_slots': 1, 'triad_count': 288, 'coarse_cauchy_coefficient_sum': 32.846799416375134}, {'residual_slots': 2, 'triad_count': 0, 'coarse_cauchy_coefficient_sum': 0.0}, {'residual_slots': 3, 'triad_count': 0, 'coarse_cauchy_coefficient_sum': 0.0}]"
12 13 29,12 13,52,576,['C->C->B:96'],288,96,31.332213960127213,31.169966016392188,0.0,3.4449210561766432,8.564594330860842,13.025112626611831,"[{'residual_slots': 0, 'triad_count': 0, 'coarse_cauchy_coefficient_sum': 0.0}, {'residual_slots': 1, 'triad_count': 288, 'coarse_cauchy_coefficient_sum': 31.332213960127213}, {'residual_slots': 2, 'triad_count': 288, 'coarse_cauchy_coefficient_sum': 31.169966016392188}, {'residual_slots': 3, 'triad_count': 0, 'coarse_cauchy_coefficient_sum': 0.0}]"
12 29 29,12,40,288,['C->C->B:96'],288,96,31.332213960127213,0.0,0.0,3.1332213960127215,7.006096030041233,9.908116024972612,"[{'residual_slots': 0, 'triad_count': 0, 'coarse_cauchy_coefficient_sum': 0.0}, {'residual_slots': 1, 'triad_count': 288, 'coarse_cauchy_coefficient_sum': 31.332213960127213}, {'residual_slots': 2, 'triad_count': 0, 'coarse_cauchy_coefficient_sum': 0.0}, {'residual_slots': 3, 'triad_count': 0, 'coarse_cauchy_coefficient_sum': 0.0}]"
12 14 18,12,46,720,['A->D->B:48'],288,48,29.702490695813832,0.0,0.0,2.9702490695813832,6.641678829689476,9.392752277873123,"[{'residual_slots': 0, 'triad_count': 432, 'coarse_cauchy_coefficient_sum': 44.323181649420796}, {'residual_slots': 1, 'triad_count': 288, 'coarse_cauchy_coefficient_sum': 29.702490695813832}, {'residual_slots': 2, 'triad_count': 0, 'coarse_cauchy_coefficient_sum': 0.0}, {'residual_slots': 3, 'triad_count': 0, 'coarse_cauchy_coefficient_sum': 0.0}]"
12 17 17,12,28,288,['C->C->B:96'],288,96,29.691794847663726,0.0,0.0,2.969179484766373,6.63928716533541,9.389369953706959,"[{'residual_slots': 0, 'triad_count': 0, 'coarse_cauchy_coefficient_sum': 0.0}, {'residual_slots': 1, 'triad_count': 288, 'coarse_cauchy_coefficient_sum': 29.691794847663726}, {'residual_slots': 2, 'triad_count': 0, 'coarse_cauchy_coefficient_sum': 0.0}, {'residual_slots': 3, 'triad_count': 0, 'coarse_cauchy_coefficient_sum': 0.0}]"
13 14 29,13,72,576,['A->C->C:96'],288,96,29.645875363710587,28.253649756631294,0.0,3.247124033937372,8.04170174440588,12.20021391354294,"[{'residual_slots': 0, 'triad_count': 0, 'coarse_cauchy_coefficient_sum': 0.0}, {'residual_slots': 1, 'triad_count': 288, 'coarse_cauchy_coefficient_sum': 29.645875363710587}, {'residual_slots': 2, 'triad_count': 288, 'coarse_cauchy_coefficient_sum': 28.253649756631294}, {'residual_slots': 3, 'triad_count': 0, 'coarse_cauchy_coefficient_sum': 0.0}]"
13 26 29,13,84,1296,['A->C->C:96'],288,96,29.593511802781478,14.691390775370506,0.0,3.106265088031853,7.351879947164699,10.827429203523565,"[{'residual_slots': 0, 'triad_count': 864, 'coarse_cauchy_coefficient_sum': 84.80638031998534}, {'residual_slots': 1, 'triad_count': 288, 'coarse_cauchy_coefficient_sum': 29.593511802781478}, {'residual_slots': 2, 'triad_count': 144, 'coarse_cauchy_coefficient_sum': 14.691390775370506}, {'residual_slots': 3, 'triad_count': 0, 'coarse_cauchy_coefficient_sum': 0.0}]"
13 16 29,13,51,576,['C->C->B:96'],288,96,29.478471145926168,7.085569772675868,0.0,3.0187028123193755,6.945865024139497,10.030468053335637,"[{'residual_slots': 0, 'triad_count': 216, 'coarse_cauchy_coefficient_sum': 21.809410939741497}, {'residual_slots': 1, 'triad_count': 288, 'coarse_cauchy_coefficient_sum': 29.478471145926168}, {'residual_slots': 2, 'triad_count': 72, 'coarse_cauchy_coefficient_sum': 7.085569772675868}, {'residual_slots': 3, 'triad_count': 0, 'coarse_cauchy_coefficient_sum': 0.0}]"
13 14 25,13,51,576,['A->C->C:96'],288,96,29.153235775056853,28.253649756631294,0.0,3.1978600750719983,7.931544183542154,12.044427596971516,"[{'residual_slots': 0, 'triad_count': 0, 'coarse_cauchy_coefficient_sum': 0.0}, {'residual_slots': 1, 'triad_count': 288, 'coarse_cauchy_coefficient_sum': 29.153235775056853}, {'residual_slots': 2, 'triad_count': 288, 'coarse_cauchy_coefficient_sum': 28.253649756631294}, {'residual_slots': 3, 'triad_count': 0, 'coarse_cauchy_coefficient_sum': 0.0}]"
13 20 21,13,48,432,['C->C->B:96'],288,96,28.73466256828095,0.0,0.0,2.8734662568280953,6.425265881319489,9.08669815121514,"[{'residual_slots': 0, 'triad_count': 144, 'coarse_cauchy_coefficient_sum': 14.123162972233132}, {'residual_slots': 1, 'triad_count': 288, 'coarse_cauchy_coefficient_sum': 28.73466256828095}, {'residual_slots': 2, 'triad_count': 0, 'coarse_cauchy_coefficient_sum': 0.0}, {'residual_slots': 3, 'triad_count': 0, 'coarse_cauchy_coefficient_sum': 0.0}]"
13 17 24,13 24,48,576,['A->C->C:96'],288,96,28.521271166195977,28.9115976522972,0.0,3.14124309314257,7.823129995846751,11.910377630076328,"[{'residual_slots': 0, 'triad_count': 0, 'coarse_cauchy_coefficient_sum': 0.0}, {'residual_slots': 1, 'triad_count': 288, 'coarse_cauchy_coefficient_sum': 28.521271166195977}, {'residual_slots': 2, 'triad_count': 288, 'coarse_cauchy_coefficient_sum': 28.9115976522972}, {'residual_slots': 3, 'triad_count': 0, 'coarse_cauchy_coefficient_sum': 0.0}]"
13 22 29,13 22,60,576,['C->C->B:96'],288,96,28.420610610998473,29.42595260412603,0.0,3.1363205871411077,7.826339359030744,11.929981462763092,"[{'residual_slots': 0, 'triad_count': 0, 'coarse_cauchy_coefficient_sum': 0.0}, {'residual_slots': 1, 'triad_count': 288, 'coarse_cauchy_coefficient_sum': 28.420610610998473}, {'residual_slots': 2, 'triad_count': 288, 'coarse_cauchy_coefficient_sum': 29.42595260412603}, {'residual_slots': 3, 'triad_count': 0, 'coarse_cauchy_coefficient_sum': 0.0}]"
13 14 17,13,60,1152,['A->C->C:96'],288,96,28.37638756508793,28.253649756631294,0.0,3.1201752540751064,7.7578356429732,11.798766622998865,"[{'residual_slots': 0, 'triad_count': 576, 'coarse_cauchy_coefficient_sum': 56.65901598512667}, {'residual_slots': 1, 'triad_count': 288, 'coarse_cauchy_coefficient_sum': 28.37638756508793}, {'residual_slots': 2, 'triad_count': 288, 'coarse_cauchy_coefficient_sum': 28.253649756631294}, {'residual_slots': 3, 'triad_count': 0, 'coarse_cauchy_coefficient_sum': 0.0}]"
17 25 30,30,63,288,['C->C->B:96'],288,96,25.217743048477388,0.0,0.0,2.521774304847739,5.638858769551821,7.974550548206649,"[{'residual_slots': 0, 'triad_count': 0, 'coarse_cauchy_coefficient_sum': 0.0}, {'residual_slots': 1, 'triad_count': 288, 'coarse_cauchy_coefficient_sum': 25.217743048477388}, {'residual_slots': 2, 'triad_count': 0, 'coarse_cauchy_coefficient_sum': 0.0}, {'residual_slots': 3, 'triad_count': 0, 'coarse_cauchy_coefficient_sum': 0.0}]"
17 17 24,24,36,288,['A->C->C:96'],288,96,24.941128112798985,0.0,0.0,2.4941128112798987,5.577005789574957,7.887077225050176,"[{'residual_slots': 0, 'triad_count': 0, 'coarse_cauchy_coefficient_sum': 0.0}, {'residual_slots': 1, 'triad_count': 288, 'coarse_cauchy_coefficient_sum': 24.941128112798985}, {'residual_slots': 2, 'triad_count': 0, 'coarse_cauchy_coefficient_sum': 0.0}, {'residual_slots': 3, 'triad_count': 0, 'coarse_cauchy_coefficient_sum': 0.0}]"
17 17 22,22,36,288,['C->C->B:96'],288,96,24.832792000063158,0.0,0.0,2.483279200006316,5.552781098325418,7.852818338140778,"[{'residual_slots': 0, 'triad_count': 0, 'coarse_cauchy_coefficient_sum': 0.0}, {'residual_slots': 1, 'triad_count': 288, 'coarse_cauchy_coefficient_sum': 24.832792000063158}, {'residual_slots': 2, 'triad_count': 0, 'coarse_cauchy_coefficient_sum': 0.0}, {'residual_slots': 3, 'triad_count': 0, 'coarse_cauchy_coefficient_sum': 0.0}]"
18 22 24,22 24,42,576,['A->D->B:48'],288,48,24.12320629072843,24.130778464690508,0.0,2.653628413719748,6.600651833366458,10.041505480949434,"[{'residual_slots': 0, 'triad_count': 0, 'coarse_cauchy_coefficient_sum': 0.0}, {'residual_slots': 1, 'triad_count': 288, 'coarse_cauchy_coefficient_sum': 24.12320629072843}, {'residual_slots': 2, 'triad_count': 288, 'coarse_cauchy_coefficient_sum': 24.130778464690508}, {'residual_slots': 3, 'triad_count': 0, 'coarse_cauchy_coefficient_sum': 0.0}]"
20 20 24,24,24,288,['A->C->C:96'],288,96,22.831513491010163,0.0,0.0,2.2831513491010162,5.105281619510226,7.21995850604544,"[{'residual_slots': 0, 'triad_count': 0, 'coarse_cauchy_coefficient_sum': 0.0}, {'residual_slots': 1, 'triad_count': 288, 'coarse_cauchy_coefficient_sum': 22.831513491010163}, {'residual_slots': 2, 'triad_count': 0, 'coarse_cauchy_coefficient_sum': 0.0}, {'residual_slots': 3, 'triad_count': 0, 'coarse_cauchy_coefficient_sum': 0.0}]"
22 29 29,22,48,288,['C->C->B:96'],288,96,21.847097162620887,0.0,0.0,2.184709716262089,4.885159436666308,6.908658729688402,"[{'residual_slots': 0, 'triad_count': 0, 'coarse_cauchy_coefficient_sum': 0.0}, {'residual_slots': 1, 'triad_count': 288, 'coarse_cauchy_coefficient_sum': 21.847097162620887}, {'residual_slots': 2, 'triad_count': 0, 'coarse_cauchy_coefficient_sum': 0.0}, {'residual_slots': 3, 'triad_count': 0, 'coarse_cauchy_coefficient_sum': 0.0}]"
9 10 25,9,42,576,['C->C->B:48'],144,48,18.33679736275691,33.97253067098258,0.0,2.173405042985517,5.798859072825461,9.195857533026322,"[{'residual_slots': 0, 'triad_count': 144, 'coarse_cauchy_coefficient_sum': 18.17883492349119}, {'residual_slots': 1, 'triad_count': 144, 'coarse_cauchy_coefficient_sum': 18.33679736275691}, {'residual_slots': 2, 'triad_count': 288, 'coarse_cauchy_coefficient_sum': 33.97253067098258}, {'residual_slots': 3, 'triad_count': 0, 'coarse_cauchy_coefficient_sum': 0.0}]"
10 10 22,22,24,144,['C->C->B:48'],144,48,16.944598777785625,0.0,0.0,1.6944598777785627,3.7889274718588513,5.358352617550791,"[{'residual_slots': 0, 'triad_count': 0, 'coarse_cauchy_coefficient_sum': 0.0}, {'residual_slots': 1, 'triad_count': 144, 'coarse_cauchy_coefficient_sum': 16.944598777785625}, {'residual_slots': 2, 'triad_count': 0, 'coarse_cauchy_coefficient_sum': 0.0}, {'residual_slots': 3, 'triad_count': 0, 'coarse_cauchy_coefficient_sum': 0.0}]"
18 24 30,24 30,54,1008,['A->D->B:96'],576,96,12.08290376865474,73.31495486294433,0.0,1.9414399254949175,6.367567162377256,11.152445152052554,"[{'residual_slots': 0, 'triad_count': 0, 'coarse_cauchy_coefficient_sum': 0.0}, {'residual_slots': 1, 'triad_count': 144, 'coarse_cauchy_coefficient_sum': 12.08290376865474}, {'residual_slots': 2, 'triad_count': 864, 'coarse_cauchy_coefficient_sum': 73.31495486294433}, {'residual_slots': 3, 'triad_count': 0, 'coarse_cauchy_coefficient_sum': 0.0}]"
10 11 13,11 13,36,288,['C->C->B:96'],288,96,0.0,32.341516088847925,0.0,0.32341516088847927,1.6170758044423963,3.2341516088847926,"[{'residual_slots': 0, 'triad_count': 0, 'coarse_cauchy_coefficient_sum': 0.0}, {'residual_slots': 1, 'triad_count': 0, 'coarse_cauchy_coefficient_sum': 0.0}, {'residual_slots': 2, 'triad_count': 288, 'coarse_cauchy_coefficient_sum': 32.341516088847925}, {'residual_slots': 3, 'triad_count': 0, 'coarse_cauchy_coefficient_sum': 0.0}]"
10 13 19,13 19,36,288,['C->C->B:96'],288,96,0.0,33.04314112023872,0.0,0.3304314112023872,1.6521570560119363,3.3043141120238726,"[{'residual_slots': 0, 'triad_count': 0, 'coarse_cauchy_coefficient_sum': 0.0}, {'residual_slots': 1, 'triad_count': 0, 'coarse_cauchy_coefficient_sum': 0.0}, {'residual_slots': 2, 'triad_count': 288, 'coarse_cauchy_coefficient_sum': 33.04314112023872}, {'residual_slots': 3, 'triad_count': 0, 'coarse_cauchy_coefficient_sum': 0.0}]"
13 13 14,13,36,288,['A->C->C:96'],288,96,0.0,28.253649756631294,0.0,0.28253649756631294,1.4126824878315647,2.8253649756631294,"[{'residual_slots': 0, 'triad_count': 0, 'coarse_cauchy_coefficient_sum': 0.0}, {'residual_slots': 1, 'triad_count': 0, 'coarse_cauchy_coefficient_sum': 0.0}, {'residual_slots': 2, 'triad_count': 288, 'coarse_cauchy_coefficient_sum': 28.253649756631294}, {'residual_slots': 3, 'triad_count': 0, 'coarse_cauchy_coefficient_sum': 0.0}]"
13 13 16,13,15,72,['C->C->B:24'],72,24,0.0,7.085569772675868,0.0,0.07085569772675868,0.3542784886337934,0.7085569772675868,"[{'residual_slots': 0, 'triad_count': 0, 'coarse_cauchy_coefficient_sum': 0.0}, {'residual_slots': 1, 'triad_count': 0, 'coarse_cauchy_coefficient_sum': 0.0}, {'residual_slots': 2, 'triad_count': 72, 'coarse_cauchy_coefficient_sum': 7.085569772675868}, {'residual_slots': 3, 'triad_count': 0, 'coarse_cauchy_coefficient_sum': 0.0}]"
13 13 26,13,48,144,['A->C->C:48'],144,48,0.0,14.691390775370506,0.0,0.14691390775370505,0.7345695387685254,1.4691390775370508,"[{'residual_slots': 0, 'triad_count': 0, 'coarse_cauchy_coefficient_sum': 0.0}, {'residual_slots': 1, 'triad_count': 0, 'coarse_cauchy_coefficient_sum': 0.0}, {'residual_slots': 2, 'triad_count': 144, 'coarse_cauchy_coefficient_sum': 14.691390775370506}, {'residual_slots': 3, 'triad_count': 0, 'coarse_cauchy_coefficient_sum': 0.0}]"
13 17 30,13 30,60,576,['C->C->B:192'],576,192,0.0,59.085269884590986,0.0,0.5908526988459099,2.9542634942295494,5.908526988459099,"[{'residual_slots': 0, 'triad_count': 0, 'coarse_cauchy_coefficient_sum': 0.0}, {'residual_slots': 1, 'triad_count': 0, 'coarse_cauchy_coefficient_sum': 0.0}, {'residual_slots': 2, 'triad_count': 576, 'coarse_cauchy_coefficient_sum': 59.085269884590986}, {'residual_slots': 3, 'triad_count': 0, 'coarse_cauchy_coefficient_sum': 0.0}]"
13 22 25,13 22,39,288,['C->C->B:96'],288,96,0.0,29.095197689117402,0.0,0.290951976891174,1.4547598844558702,2.9095197689117405,"[{'residual_slots': 0, 'triad_count': 0, 'coarse_cauchy_coefficient_sum': 0.0}, {'residual_slots': 1, 'triad_count': 0, 'coarse_cauchy_coefficient_sum': 0.0}, {'residual_slots': 2, 'triad_count': 288, 'coarse_cauchy_coefficient_sum': 29.095197689117402}, {'residual_slots': 3, 'triad_count': 0, 'coarse_cauchy_coefficient_sum': 0.0}]"
9 10 13,9 13,39,432,['C->C->B:48'],144,48,0.0,51.09557396913896,0.0,0.5109557396913896,2.554778698456948,5.109557396913896,"[{'residual_slots': 0, 'triad_count': 0, 'coarse_cauchy_coefficient_sum': 0.0}, {'residual_slots': 1, 'triad_count': 0, 'coarse_cauchy_coefficient_sum': 0.0}, {'residual_slots': 2, 'triad_count': 432, 'coarse_cauchy_coefficient_sum': 51.09557396913896}, {'residual_slots': 3, 'triad_count': 0, 'coarse_cauchy_coefficient_sum': 0.0}]"
9 13 20,9 13,39,432,['C->C->B:96'],288,96,0.0,53.194447271087476,0.0,0.5319444727108747,2.659722363554374,5.319444727108748,"[{'residual_slots': 0, 'triad_count': 0, 'coarse_cauchy_coefficient_sum': 0.0}, {'residual_slots': 1, 'triad_count': 0, 'coarse_cauchy_coefficient_sum': 0.0}, {'residual_slots': 2, 'triad_count': 432, 'coarse_cauchy_coefficient_sum': 53.194447271087476}, {'residual_slots': 3, 'triad_count': 0, 'coarse_cauchy_coefficient_sum': 0.0}]"
